Temps;Canal A;Canal B
(ms);(V);(V)

-50,08620396;0,91518910;1,55443000
-50,04524396;0,95193330;1,57249700
-50,00428396;0,97030550;1,60863100
-49,96332396;0,98867760;1,62669800
-49,92236396;1,02542200;1,66277100
-49,88140396;1,04379400;1,66277100
-49,84044396;1,04379400;1,66277100
-49,79948396;1,08053800;1,66277100
-49,75852396;1,09891000;1,64476500
-49,71756396;1,11728300;1,62669800
-49,67660397;1,13565500;1,59056400
-49,63564397;1,15402700;1,57249700
-49,59468397;1,17239900;1,53636300
-49,55372397;1,19077100;1,48222300
-49,51276397;1,19077100;1,42802200
-49,47180397;1,19077100;1,39188800
-49,43084397;1,19077100;1,31968100
-49,38988397;1,20914300;1,26548100
-49,34892397;1,20914300;1,19321300
-49,30796397;1,19077100;1,12100600
-49,26700397;1,19077100;1,06680500
-49,22604397;1,19077100;0,99453720
-49,18508397;1,19077100;0,92233040
-49,14412397;1,17239900;0,85006250
-49,10316397;1,15402700;0,77785580
-49,06220397;1,13565500;0,72365490
-49,02124397;1,13565500;0,65144810
-48,98028397;1,11728300;0,59724720
-48,93932397;1,09891000;0,54304640
-48,89836397;1,06216600;0,48890650
-48,85740397;1,04379400;0,45277260
-48,81644397;1,02542200;0,41663870
-48,77548397;0,98867760;0,38050480
-48,73452397;0,97030550;0,34437090
-48,69356397;0,97030550;0,32636490
-48,65260397;0,93356120;0,32636490
-48,61164397;0,91518910;0,30829800
-48,57068397;0,89681690;0,30829800
-48,52972397;0,87844480;0,32636490
-48,48876397;0,84170050;0,32636490
-48,44780397;0,82332840;0,34437090
-48,40684397;0,82332840;0,38050480
-48,36588397;0,80495620;0,41663870
-48,32492397;0,78658410;0,47083960
-48,28396397;0,78658410;0,52497940
-48,24300397;0,76821190;0,56111330
-48,20204397;0,76821190;0,61531420
-48,16108397;0,74983980;0,68752100
-48,12012397;0,76821190;0,74172190
-48,07916397;0,74983980;0,81398970
-48,03820398;0,74983980;0,86812950
-47,99724398;0,76821190;0,94039730
-47,95628398;0,76821190;1,01260400
-47,91532398;0,78658410;1,08487200
-47,87436398;0,80495620;1,15714000
-47,83340398;0,82332840;1,21128000
-47,79244398;0,82332840;1,28354800
-47,75148398;0,84170050;1,33768700
-47,71052398;0,86007260;1,40995500
-47,66956398;0,87844480;1,46415600
-47,62860398;0,89681690;1,50022900
-47,58764398;0,93356120;1,55443000
-47,54668398;0,95193330;1,57249700
-47,50572398;0,97030550;1,62669800
-47,46476398;0,98867760;1,64476500
-47,42380398;1,00705000;1,64476500
-47,38284398;1,04379400;1,66277100
-47,34188398;1,06216600;1,66277100
-47,30092398;1,08053800;1,66277100
-47,25996398;1,09891000;1,64476500
-47,21900398;1,11728300;1,62669800
-47,17804398;1,13565500;1,59056400
-47,13708398;1,15402700;1,57249700
-47,09612398;1,17239900;1,53636300
-47,05516398;1,17239900;1,48222300
-47,01420398;1,19077100;1,42802200
-46,97324398;1,19077100;1,39188800
-46,93228398;1,20914300;1,31968100
-46,89132398;1,20914300;1,26548100
-46,85036398;1,20914300;1,19321300
-46,80940398;1,20914300;1,13907300
-46,76844398;1,19077100;1,06680500
-46,72748398;1,19077100;0,99453720
-46,68652398;1,19077100;0,92233040
-46,64556398;1,17239900;0,85006250
-46,60460398;1,15402700;0,77785580
-46,56364398;1,13565500;0,72365490
-46,52268398;1,13565500;0,65144810
-46,48172398;1,11728300;0,59724720
-46,44076398;1,09891000;0,54304640
-46,39980398;1,06216600;0,48890650
-46,35884399;1,04379400;0,43470560
-46,31788399;1,02542200;0,41663870
-46,27692399;1,00705000;0,38050480
-46,23596399;0,97030550;0,34437090
-46,19500399;0,97030550;0,32636490
-46,15404399;0,93356120;0,32636490
-46,11308399;0,91518910;0,30829800
-46,07212399;0,89681690;0,30829800
-46,03116399;0,87844480;0,30829800
-45,99020399;0,84170050;0,34437090
-45,94924399;0,84170050;0,34437090
-45,90828399;0,82332840;0,38050480
-45,86732399;0,80495620;0,41663870
-45,82636399;0,78658410;0,47083960
-45,78540399;0,78658410;0,50691250
-45,74444399;0,76821190;0,56111330
-45,70348399;0,76821190;0,61531420
-45,66252399;0,74983980;0,66945400
-45,62156399;0,74983980;0,74172190
-45,58060399;0,74983980;0,81398970
-45,53964399;0,74983980;0,86812950
-45,49868399;0,76821190;0,94039730
-45,45772399;0,76821190;1,01260400
-45,41676399;0,78658410;1,08487200
-45,37580399;0,80495620;1,13907300
-45,33484399;0,80495620;1,21128000
-45,29388399;0,82332840;1,28354800
-45,25292399;0,84170050;1,33768700
-45,21196399;0,86007260;1,40995500
-45,17100399;0,89681690;1,46415600
-45,13004399;0,91518910;1,50022900
-45,08908399;0,91518910;1,55443000
-45,04812399;0,95193330;1,57249700
-45,00716399;0,97030550;1,60863100
-44,96620399;0,98867760;1,64476500
-44,92524399;1,00705000;1,64476500
-44,88428399;1,04379400;1,66277100
-44,84332399;1,06216600;1,68083700
-44,80236399;1,08053800;1,64476500
-44,76140399;1,09891000;1,64476500
-44,72044400;1,11728300;1,64476500
-44,67948400;1,13565500;1,60863100
-44,63852400;1,15402700;1,57249700
-44,59756400;1,17239900;1,53636300
-44,55660400;1,19077100;1,50022900
-44,51564400;1,19077100;1,44608900
-44,47468400;1,19077100;1,39188800
-44,43372400;1,19077100;1,31968100
-44,39276400;1,20914300;1,26548100
-44,35180400;1,20914300;1,19321300
-44,31084400;1,20914300;1,13907300
-44,26988400;1,19077100;1,06680500
-44,22892400;1,19077100;0,99453720
-44,18796400;1,17239900;0,92233040
-44,14700400;1,17239900;0,85006250
-44,10604400;1,15402700;0,77785580
-44,06508400;1,13565500;0,72365490
-44,02412400;1,11728300;0,66945400
-43,98316400;1,11728300;0,59724720
-43,94220400;1,09891000;0,54304640
-43,90124400;1,06216600;0,48890650
-43,86028400;1,04379400;0,45277260
-43,81932400;1,02542200;0,41663870
-43,77836400;1,00705000;0,38050480
-43,73740400;0,98867760;0,34437090
-43,69644400;0,97030550;0,32636490
-43,65548400;0,93356120;0,32636490
-43,61452400;0,91518910;0,30829800
-43,57356400;0,89681690;0,30829800
-43,53260400;0,87844480;0,32636490
-43,49164400;0,86007260;0,32636490
-43,45068400;0,84170050;0,36243780
-43,40972400;0,82332840;0,38050480
-43,36876400;0,80495620;0,41663870
-43,32780400;0,78658410;0,45277260
-43,28684400;0,76821190;0,50691250
-43,24588400;0,76821190;0,56111330
-43,20492400;0,76821190;0,61531420
-43,16396400;0,74983980;0,66945400
-43,12300400;0,74983980;0,74172190
-43,08204401;0,74983980;0,79592280
-43,04108401;0,76821190;0,86812950
-43,00012401;0,76821190;0,94039730
-42,95916401;0,76821190;1,01260400
-42,91820401;0,76821190;1,08487200
-42,87724401;0,78658410;1,13907300
-42,83628401;0,82332840;1,22934700
-42,79532401;0,82332840;1,28354800
-42,75436401;0,84170050;1,33768700
-42,71340401;0,86007260;1,40995500
-42,67244401;0,87844480;1,46415600
-42,63148401;0,89681690;1,50022900
-42,59052401;0,91518910;1,53636300
-42,54956401;0,95193330;1,59056400
-42,50860401;0,97030550;1,60863100
-42,46764401;0,98867760;1,64476500
-42,42668401;1,00705000;1,66277100
-42,38572401;1,04379400;1,66277100
-42,34476401;1,06216600;1,66277100
-42,30380401;1,08053800;1,66277100
-42,26284401;1,09891000;1,64476500
-42,22188401;1,11728300;1,62669800
-42,18092401;1,13565500;1,60863100
-42,13996401;1,15402700;1,57249700
-42,09900401;1,17239900;1,53636300
-42,05804401;1,19077100;1,50022900
-42,01708401;1,19077100;1,42802200
-41,97612401;1,19077100;1,39188800
-41,93516401;1,20914300;1,31968100
-41,89420401;1,20914300;1,26548100
-41,85324401;1,20914300;1,21128000
-41,81228401;1,20914300;1,13907300
-41,77132401;1,19077100;1,06680500
-41,73036401;1,19077100;0,99453720
-41,68940401;1,19077100;0,92233040
-41,64844401;1,17239900;0,85006250
-41,60748401;1,15402700;0,79592280
-41,56652401;1,15402700;0,72365490
-41,52556401;1,13565500;0,66945400
-41,48460401;1,11728300;0,61531420
-41,44364402;1,09891000;0,54304640
-41,40268402;1,06216600;0,50691250
-41,36172402;1,04379400;0,45277260
-41,32076402;1,02542200;0,41663870
-41,27980402;1,00705000;0,38050480
-41,23884402;0,98867760;0,34437090
-41,19788402;0,97030550;0,32636490
-41,15692402;0,95193330;0,32636490
-41,11596402;0,89681690;0,30829800
-41,07500402;0,89681690;0,30829800
-41,03404402;0,87844480;0,32636490
-40,99308402;0,86007260;0,32636490
-40,95212402;0,84170050;0,34437090
-40,91116402;0,82332840;0,38050480
-40,87020402;0,80495620;0,41663870
-40,82924402;0,78658410;0,45277260
-40,78828402;0,76821190;0,50691250
-40,74732402;0,76821190;0,56111330
-40,70636402;0,76821190;0,61531420
-40,66540402;0,76821190;0,66945400
-40,62444402;0,76821190;0,74172190
-40,58348402;0,76821190;0,79592280
-40,54252402;0,76821190;0,86812950
-40,50156402;0,76821190;0,94039730
-40,46060402;0,76821190;1,01260400
-40,41964402;0,76821190;1,08487200
-40,37868402;0,80495620;1,13907300
-40,33772402;0,80495620;1,21128000
-40,29676402;0,82332840;1,26548100
-40,25580402;0,84170050;1,33768700
-40,21484402;0,86007260;1,40995500
-40,17388402;0,87844480;1,46415600
-40,13292402;0,89681690;1,50022900
-40,09196402;0,91518910;1,53636300
-40,05100402;0,95193330;1,57249700
-40,01004402;0,97030550;1,60863100
-39,96908402;0,98867760;1,64476500
-39,92812402;1,00705000;1,66277100
-39,88716402;1,04379400;1,66277100
-39,84620402;1,06216600;1,68083700
-39,80524403;1,08053800;1,66277100
-39,76428403;1,09891000;1,64476500
-39,72332403;1,11728300;1,64476500
-39,68236403;1,13565500;1,60863100
-39,64140403;1,15402700;1,57249700
-39,60044403;1,15402700;1,53636300
-39,55948403;1,19077100;1,50022900
-39,51852403;1,19077100;1,44608900
-39,47756403;1,19077100;1,39188800
-39,43660403;1,19077100;1,33768700
-39,39564403;1,20914300;1,26548100
-39,35468403;1,19077100;1,19321300
-39,31372403;1,19077100;1,13907300
-39,27276403;1,19077100;1,06680500
-39,23180403;1,20914300;0,99453720
-39,19084403;1,19077100;0,92233040
-39,14988403;1,17239900;0,85006250
-39,10892403;1,15402700;0,79592280
-39,06796403;1,15402700;0,72365490
-39,02700403;1,13565500;0,66945400
-38,98604403;1,11728300;0,61531420
-38,94508403;1,09891000;0,56111330
-38,90412403;1,06216600;0,48890650
-38,86316403;1,04379400;0,45277260
-38,82220403;1,02542200;0,41663870
-38,78124403;1,00705000;0,38050480
-38,74028403;0,98867760;0,34437090
-38,69932403;0,97030550;0,32636490
-38,65836403;0,95193330;0,32636490
-38,61740403;0,91518910;0,30829800
-38,57644403;0,89681690;0,30829800
-38,53548403;0,87844480;0,32636490
-38,49452403;0,86007260;0,34437090
-38,45356403;0,84170050;0,34437090
-38,41260403;0,82332840;0,38050480
-38,37164403;0,80495620;0,41663870
-38,33068403;0,78658410;0,45277260
-38,28972403;0,76821190;0,50691250
-38,24876403;0,76821190;0,56111330
-38,20780403;0,76821190;0,61531420
-38,16684404;0,76821190;0,66945400
-38,12588404;0,74983980;0,74172190
-38,08492404;0,76821190;0,79592280
-38,04396404;0,76821190;0,86812950
-38,00300404;0,76821190;0,94039730
-37,96204404;0,76821190;1,01260400
-37,92108404;0,78658410;1,06680500
-37,88012404;0,78658410;1,13907300
-37,83916404;0,80495620;1,21128000
-37,79820404;0,82332840;1,28354800
-37,75724404;0,84170050;1,33768700
-37,71628404;0,86007260;1,40995500
-37,67532404;0,87844480;1,44608900
-37,63436404;0,89681690;1,50022900
-37,59340404;0,91518910;1,55443000
-37,55244404;0,93356120;1,57249700
-37,51148404;0,97030550;1,60863100
-37,47052404;0,98867760;1,64476500
-37,42956404;1,00705000;1,64476500
-37,38860404;1,04379400;1,66277100
-37,34764404;1,06216600;1,66277100
-37,30668404;1,08053800;1,66277100
-37,26572404;1,09891000;1,64476500
-37,22476404;1,11728300;1,62669800
-37,18380404;1,13565500;1,60863100
-37,14284404;1,15402700;1,57249700
-37,10188404;1,17239900;1,53636300
-37,06092404;1,17239900;1,50022900
-37,01996404;1,19077100;1,44608900
-36,97900404;1,20914300;1,39188800
-36,93804404;1,20914300;1,33768700
-36,89708404;1,20914300;1,26548100
-36,85612404;1,20914300;1,19321300
-36,81516404;1,19077100;1,13907300
-36,77420404;1,20914300;1,08487200
-36,73324404;1,20914300;0,99453720
-36,69228404;1,19077100;0,92233040
-36,65132404;1,17239900;0,86812950
-36,61036404;1,15402700;0,79592280
-36,56940404;1,15402700;0,72365490
-36,52844404;1,11728300;0,66945400
-36,48748405;1,11728300;0,61531420
-36,44652405;1,08053800;0,54304640
-36,40556405;1,06216600;0,48890650
-36,36460405;1,04379400;0,45277260
-36,32364405;1,02542200;0,41663870
-36,28268405;1,00705000;0,38050480
-36,24172405;0,98867760;0,34437090
-36,20076405;0,95193330;0,32636490
-36,15980405;0,93356120;0,32636490
-36,11884405;0,91518910;0,30829800
-36,07788405;0,89681690;0,30829800
-36,03692405;0,87844480;0,30829800
-35,99596405;0,86007260;0,32636490
-35,95500405;0,84170050;0,34437090
-35,91404405;0,82332840;0,38050480
-35,87308405;0,80495620;0,41663870
-35,83212405;0,78658410;0,45277260
-35,79116405;0,78658410;0,50691250
-35,75020405;0,76821190;0,54304640
-35,70924405;0,76821190;0,61531420
-35,66828405;0,76821190;0,66945400
-35,62732405;0,74983980;0,72365490
-35,58636405;0,74983980;0,79592280
-35,54540405;0,76821190;0,86812950
-35,50444405;0,76821190;0,92233040
-35,46348405;0,76821190;1,01260400
-35,42252405;0,78658410;1,06680500
-35,38156405;0,78658410;1,13907300
-35,34060405;0,80495620;1,21128000
-35,29964405;0,82332840;1,28354800
-35,25868405;0,84170050;1,33768700
-35,21772405;0,86007260;1,39188800
-35,17676405;0,87844480;1,44608900
-35,13580405;0,89681690;1,50022900
-35,09484405;0,91518910;1,53636300
-35,05388405;0,95193330;1,57249700
-35,01292405;0,97030550;1,60863100
-34,97196405;0,98867760;1,64476500
-34,93100405;1,00705000;1,64476500
-34,89004405;1,04379400;1,66277100
-34,84908406;1,06216600;1,66277100
-34,80812406;1,08053800;1,66277100
-34,76716406;1,09891000;1,64476500
-34,72620406;1,11728300;1,64476500
-34,68524406;1,13565500;1,60863100
-34,64428406;1,15402700;1,57249700
-34,60332406;1,15402700;1,53636300
-34,56236406;1,19077100;1,50022900
-34,52140406;1,19077100;1,44608900
-34,48044406;1,19077100;1,39188800
-34,43948406;1,19077100;1,33768700
-34,39852406;1,19077100;1,26548100
-34,35756406;1,20914300;1,21128000
-34,31660406;1,20914300;1,13907300
-34,27564406;1,19077100;1,06680500
-34,23468406;1,19077100;0,99453720
-34,19372406;1,19077100;0,94039730
-34,15276406;1,17239900;0,86812950
-34,11180406;1,15402700;0,79592280
-34,07084406;1,15402700;0,74172190
-34,02988406;1,13565500;0,66945400
-33,98892406;1,11728300;0,61531420
-33,94796406;1,09891000;0,56111330
-33,90700406;1,06216600;0,48890650
-33,86604406;1,04379400;0,47083960
-33,82508406;1,02542200;0,41663870
-33,78412406;0,98867760;0,38050480
-33,74316406;0,98867760;0,34437090
-33,70220406;0,97030550;0,34437090
-33,66124406;0,95193330;0,30829800
-33,62028406;0,91518910;0,30829800
-33,57932406;0,89681690;0,30829800
-33,53836406;0,87844480;0,30829800
-33,49740406;0,86007260;0,32636490
-33,45644406;0,84170050;0,34437090
-33,41548406;0,82332840;0,38050480
-33,37452406;0,80495620;0,39857170
-33,33356406;0,78658410;0,45277260
-33,29260406;0,78658410;0,48890650
-33,25164406;0,76821190;0,56111330
-33,21068407;0,76821190;0,59724720
-33,16972407;0,76821190;0,66945400
-33,12876407;0,76821190;0,72365490
-33,08780407;0,74983980;0,79592280
-33,04684407;0,76821190;0,86812950
-33,00588407;0,76821190;0,92233040
-32,96492407;0,76821190;0,99453720
-32,92396407;0,76821190;1,06680500
-32,88300407;0,78658410;1,13907300
-32,84204407;0,80495620;1,21128000
-32,80108407;0,82332840;1,26548100
-32,76012407;0,84170050;1,33768700
-32,71916407;0,86007260;1,39188800
-32,67820407;0,87844480;1,44608900
-32,63724407;0,89681690;1,50022900
-32,59628407;0,91518910;1,53636300
-32,55532407;0,95193330;1,57249700
-32,51436407;0,97030550;1,60863100
-32,47340407;0,98867760;1,64476500
-32,43244407;1,00705000;1,66277100
-32,39148407;1,04379400;1,66277100
-32,35052407;1,06216600;1,66277100
-32,30956407;1,06216600;1,66277100
-32,26860407;1,09891000;1,64476500
-32,22764407;1,11728300;1,62669800
-32,18668407;1,13565500;1,60863100
-32,14572407;1,15402700;1,57249700
-32,10476407;1,17239900;1,55443000
-32,06380407;1,19077100;1,50022900
-32,02284407;1,19077100;1,44608900
-31,98188407;1,19077100;1,39188800
-31,94092407;1,20914300;1,33768700
-31,89996407;1,19077100;1,28354800
-31,85900407;1,20914300;1,21128000
-31,81804407;1,20914300;1,13907300
-31,77708407;1,19077100;1,06680500
-31,73612407;1,19077100;0,99453720
-31,69516407;1,19077100;0,94039730
-31,65420407;1,17239900;0,86812950
-31,61324407;1,17239900;0,79592280
-31,57228408;1,15402700;0,72365490
-31,53132408;1,13565500;0,65144810
-31,49036408;1,11728300;0,61531420
-31,44940408;1,08053800;0,56111330
-31,40844408;1,06216600;0,50691250
-31,36748408;1,06216600;0,45277260
-31,32652408;1,02542200;0,41663870
-31,28556408;1,00705000;0,38050480
-31,24460408;0,98867760;0,36243780
-31,20364408;0,97030550;0,32636490
-31,16268408;0,93356120;0,30829800
-31,12172408;0,91518910;0,30829800
-31,08076408;0,89681690;0,30829800
-31,03980408;0,87844480;0,30829800
-30,99884408;0,86007260;0,34437090
-30,95788408;0,84170050;0,34437090
-30,91692408;0,82332840;0,38050480
-30,87596408;0,80495620;0,41663870
-30,83500408;0,78658410;0,45277260
-30,79404408;0,76821190;0,48890650
-30,75308408;0,76821190;0,54304640
-30,71212408;0,76821190;0,61531420
-30,67116408;0,74983980;0,66945400
-30,63020408;0,74983980;0,72365490
-30,58924408;0,74983980;0,79592280
-30,54828408;0,76821190;0,86812950
-30,50732408;0,76821190;0,94039730
-30,46636408;0,76821190;0,99453720
-30,42540408;0,78658410;1,06680500
-30,38444408;0,78658410;1,13907300
-30,34348408;0,80495620;1,19321300
-30,30252408;0,82332840;1,26548100
-30,26156408;0,84170050;1,33768700
-30,22060408;0,86007260;1,39188800
-30,17964408;0,87844480;1,44608900
-30,13868408;0,89681690;1,50022900
-30,09772408;0,91518910;1,53636300
-30,05676408;0,93356120;1,57249700
-30,01580408;0,97030550;1,60863100
-29,97484408;0,98867760;1,62669800
-29,93388409;1,00705000;1,64476500
-29,89292409;1,04379400;1,66277100
-29,85196409;1,06216600;1,66277100
-29,81100409;1,06216600;1,66277100
-29,77004409;1,09891000;1,64476500
-29,72908409;1,11728300;1,64476500
-29,68812409;1,13565500;1,60863100
-29,64716409;1,15402700;1,57249700
-29,60620409;1,15402700;1,53636300
-29,56524409;1,19077100;1,50022900
-29,52428409;1,19077100;1,44608900
-29,48332409;1,19077100;1,39188800
-29,44236409;1,19077100;1,33768700
-29,40140409;1,20914300;1,28354800
-29,36044409;1,20914300;1,21128000
-29,31948409;1,20914300;1,15714000
-29,27852409;1,20914300;1,06680500
-29,23756409;1,19077100;1,01260400
-29,19660409;1,19077100;0,94039730
-29,15564409;1,19077100;0,86812950
-29,11468409;1,17239900;0,79592280
-29,07372409;1,15402700;0,74172190
-29,03276409;1,13565500;0,66945400
-28,99180409;1,11728300;0,61531420
-28,95084409;1,09891000;0,56111330
-28,90988409;1,08053800;0,48890650
-28,86892409;1,04379400;0,45277260
-28,82796409;1,02542200;0,41663870
-28,78700409;1,00705000;0,38050480
-28,74604409;0,98867760;0,36243780
-28,70508409;0,97030550;0,32636490
-28,66412409;0,93356120;0,32636490
-28,62316409;0,91518910;0,30829800
-28,58220409;0,89681690;0,30829800
-28,54124409;0,87844480;0,32636490
-28,50028409;0,86007260;0,32636490
-28,45932409;0,84170050;0,34437090
-28,41836409;0,82332840;0,38050480
-28,37740409;0,80495620;0,41663870
-28,33644409;0,78658410;0,45277260
-28,29548409;0,78658410;0,48890650
-28,25452410;0,76821190;0,54304640
-28,21356410;0,76821190;0,59724720
-28,17260410;0,76821190;0,65144810
-28,13164410;0,76821190;0,72365490
-28,09068410;0,76821190;0,79592280
-28,04972410;0,76821190;0,86812950
-28,00876410;0,76821190;0,92233040
-27,96780410;0,76821190;0,99453720
-27,92684410;0,76821190;1,06680500
-27,88588410;0,78658410;1,13907300
-27,84492410;0,80495620;1,19321300
-27,80396410;0,82332840;1,26548100
-27,76300410;0,84170050;1,31968100
-27,72204410;0,86007260;1,39188800
-27,68108410;0,87844480;1,44608900
-27,64012410;0,89681690;1,50022900
-27,59916410;0,91518910;1,53636300
-27,55820410;0,93356120;1,57249700
-27,51724410;0,97030550;1,60863100
-27,47628410;0,98867760;1,64476500
-27,43532410;1,00705000;1,64476500
-27,39436410;1,04379400;1,64476500
-27,35340410;1,06216600;1,66277100
-27,31244410;1,06216600;1,66277100
-27,27148410;1,09891000;1,64476500
-27,23052410;1,11728300;1,64476500
-27,18956410;1,13565500;1,62669800
-27,14860410;1,15402700;1,57249700
-27,10764410;1,17239900;1,53636300
-27,06668410;1,19077100;1,50022900
-27,02572410;1,19077100;1,44608900
-26,98476410;1,19077100;1,40995500
-26,94380410;1,20914300;1,33768700
-26,90284410;1,20914300;1,28354800
-26,86188410;1,20914300;1,21128000
-26,82092410;1,20914300;1,13907300
-26,77996410;1,20914300;1,08487200
-26,73900410;1,19077100;1,01260400
-26,69804410;1,19077100;0,94039730
-26,65708410;1,19077100;0,86812950
-26,61612411;1,17239900;0,79592280
-26,57516411;1,15402700;0,74172190
-26,53420411;1,13565500;0,66945400
-26,49324411;1,11728300;0,61531420
-26,45228411;1,09891000;0,56111330
-26,41132411;1,06216600;0,50691250
-26,37036411;1,04379400;0,47083960
-26,32940411;1,04379400;0,41663870
-26,28844411;1,00705000;0,38050480
-26,24748411;0,98867760;0,34437090
-26,20652411;0,97030550;0,34437090
-26,16556411;0,93356120;0,32636490
-26,12460411;0,91518910;0,30829800
-26,08364411;0,89681690;0,30829800
-26,04268411;0,87844480;0,32636490
-26,00172411;0,86007260;0,32636490
-25,96076411;0,84170050;0,34437090
-25,91980411;0,82332840;0,36243780
-25,87884411;0,80495620;0,41663870
-25,83788411;0,78658410;0,45277260
-25,79692411;0,78658410;0,50691250
-25,75596411;0,76821190;0,54304640
-25,71500411;0,76821190;0,59724720
-25,67404411;0,74983980;0,65144810
-25,63308411;0,74983980;0,72365490
-25,59212411;0,76821190;0,77785580
-25,55116411;0,74983980;0,85006250
-25,51020411;0,76821190;0,92233040
-25,46924411;0,76821190;0,99453720
-25,42828411;0,78658410;1,06680500
-25,38732411;0,78658410;1,13907300
-25,34636411;0,80495620;1,19321300
-25,30540411;0,82332840;1,26548100
-25,26444411;0,84170050;1,33768700
-25,22348411;0,86007260;1,39188800
-25,18252411;0,87844480;1,44608900
-25,14156411;0,89681690;1,50022900
-25,10060411;0,91518910;1,53636300
-25,05964411;0,93356120;1,57249700
-25,01868411;0,97030550;1,60863100
-24,97772412;0,98867760;1,62669800
-24,93676412;1,00705000;1,64476500
-24,89580412;1,04379400;1,66277100
-24,85484412;1,06216600;1,66277100
-24,81388412;1,08053800;1,66277100
-24,77292412;1,09891000;1,66277100
-24,73196412;1,11728300;1,62669800
-24,69100412;1,11728300;1,60863100
-24,65004412;1,13565500;1,59056400
-24,60908412;1,15402700;1,53636300
-24,56812412;1,19077100;1,50022900
-24,52716412;1,19077100;1,44608900
-24,48620412;1,19077100;1,40995500
-24,44524412;1,20914300;1,33768700
-24,40428412;1,20914300;1,28354800
-24,36332412;1,19077100;1,21128000
-24,32236412;1,20914300;1,15714000
-24,28140412;1,19077100;1,08487200
-24,24044412;1,20914300;1,01260400
-24,19948412;1,19077100;0,94039730
-24,15852412;1,19077100;0,86812950
-24,11756412;1,15402700;0,79592280
-24,07660412;1,15402700;0,74172190
-24,03564412;1,13565500;0,66945400
-23,99468412;1,11728300;0,61531420
-23,95372412;1,09891000;0,56111330
-23,91276412;1,08053800;0,52497940
-23,87180412;1,06216600;0,47083960
-23,83084412;1,04379400;0,41663870
-23,78988412;1,00705000;0,38050480
-23,74892412;0,98867760;0,36243780
-23,70796412;0,97030550;0,34437090
-23,66700412;0,93356120;0,32636490
-23,62604412;0,91518910;0,32636490
-23,58508412;0,89681690;0,30829800
-23,54412412;0,87844480;0,30829800
-23,50316412;0,86007260;0,32636490
-23,46220412;0,84170050;0,34437090
-23,42124412;0,82332840;0,38050480
-23,38028412;0,80495620;0,39857170
-23,33932413;0,78658410;0,45277260
-23,29836413;0,76821190;0,48890650
-23,25740413;0,76821190;0,54304640
-23,21644413;0,76821190;0,59724720
-23,17548413;0,74983980;0,65144810
-23,13452413;0,74983980;0,72365490
-23,09356413;0,74983980;0,77785580
-23,05260413;0,76821190;0,85006250
-23,01164413;0,74983980;0,92233040
-22,97068413;0,76821190;0,99453720
-22,92972413;0,76821190;1,06680500
-22,88876413;0,78658410;1,12100600
-22,84780413;0,80495620;1,19321300
-22,80684413;0,82332840;1,26548100
-22,76588413;0,82332840;1,31968100
-22,72492413;0,86007260;1,39188800
-22,68396413;0,87844480;1,44608900
-22,64300413;0,89681690;1,50022900
-22,60204413;0,91518910;1,53636300
-22,56108413;0,93356120;1,57249700
-22,52012413;0,97030550;1,60863100
-22,47916413;0,98867760;1,64476500
-22,43820413;1,00705000;1,66277100
-22,39724413;1,04379400;1,64476500
-22,35628413;1,04379400;1,66277100
-22,31532413;1,08053800;1,66277100
-22,27436413;1,09891000;1,64476500
-22,23340413;1,11728300;1,62669800
-22,19244413;1,13565500;1,62669800
-22,15148413;1,15402700;1,57249700
-22,11052413;1,17239900;1,55443000
-22,06956413;1,17239900;1,50022900
-22,02860413;1,19077100;1,44608900
-21,98764413;1,19077100;1,40995500
-21,94668413;1,20914300;1,35575400
-21,90572413;1,20914300;1,28354800
-21,86476413;1,19077100;1,21128000
-21,82380413;1,20914300;1,15714000
-21,78284413;1,20914300;1,08487200
-21,74188413;1,19077100;1,01260400
-21,70092414;1,19077100;0,94039730
-21,65996414;1,19077100;0,88619650
-21,61900414;1,15402700;0,81398970
-21,57804414;1,15402700;0,74172190
-21,53708414;1,13565500;0,66945400
-21,49612414;1,11728300;0,61531420
-21,45516414;1,09891000;0,56111330
-21,41420414;1,08053800;0,50691250
-21,37324414;1,06216600;0,45277260
-21,33228414;1,04379400;0,41663870
-21,29132414;1,00705000;0,38050480
-21,25036414;0,98867760;0,36243780
-21,20940414;0,97030550;0,34437090
-21,16844414;0,93356120;0,32636490
-21,12748414;0,91518910;0,30829800
-21,08652414;0,89681690;0,30829800
-21,04556414;0,89681690;0,30829800
-21,00460414;0,86007260;0,32636490
-20,96364414;0,84170050;0,34437090
-20,92268414;0,82332840;0,36243780
-20,88172414;0,82332840;0,41663870
-20,84076414;0,78658410;0,45277260
-20,79980414;0,78658410;0,48890650
-20,75884414;0,76821190;0,54304640
-20,71788414;0,76821190;0,59724720
-20,67692414;0,76821190;0,65144810
-20,63596414;0,74983980;0,70558790
-20,59500414;0,74983980;0,77785580
-20,55404414;0,74983980;0,86812950
-20,51308414;0,76821190;0,92233040
-20,47212414;0,76821190;0,99453720
-20,43116414;0,78658410;1,06680500
-20,39020414;0,78658410;1,13907300
-20,34924414;0,80495620;1,19321300
-20,30828414;0,82332840;1,26548100
-20,26732414;0,84170050;1,31968100
-20,22636414;0,86007260;1,39188800
-20,18540414;0,87844480;1,44608900
-20,14444414;0,89681690;1,50022900
-20,10348414;0,91518910;1,53636300
-20,06252415;0,93356120;1,57249700
-20,02156415;0,97030550;1,60863100
-19,98060415;0,97030550;1,62669800
-19,93964415;1,00705000;1,64476500
-19,89868415;1,04379400;1,66277100
-19,85772415;1,06216600;1,66277100
-19,81676415;1,06216600;1,66277100
-19,77580415;1,09891000;1,64476500
-19,73484415;1,11728300;1,64476500
-19,69388415;1,11728300;1,62669800
-19,65292415;1,15402700;1,59056400
-19,61196415;1,17239900;1,53636300
-19,57100415;1,17239900;1,50022900
-19,53004415;1,19077100;1,46415600
-19,48908415;1,19077100;1,40995500
-19,44812415;1,19077100;1,33768700
-19,40716415;1,20914300;1,28354800
-19,36620415;1,20914300;1,22934700
-19,32524415;1,20914300;1,15714000
-19,28428415;1,19077100;1,08487200
-19,24332415;1,19077100;1,01260400
-19,20236415;1,19077100;0,94039730
-19,16140415;1,19077100;0,88619650
-19,12044415;1,15402700;0,81398970
-19,07948415;1,15402700;0,74172190
-19,03852415;1,13565500;0,66945400
-18,99756415;1,11728300;0,61531420
-18,95660415;1,09891000;0,56111330
-18,91564415;1,08053800;0,52497940
-18,87468415;1,06216600;0,47083960
-18,83372415;1,04379400;0,41663870
-18,79276415;1,00705000;0,38050480
-18,75180415;0,98867760;0,36243780
-18,71084415;0,97030550;0,32636490
-18,66988415;0,93356120;0,32636490
-18,62892415;0,91518910;0,30829800
-18,58796415;0,89681690;0,30829800
-18,54700415;0,87844480;0,30829800
-18,50604415;0,86007260;0,32636490
-18,46508415;0,84170050;0,34437090
-18,42412415;0,82332840;0,38050480
-18,38316416;0,82332840;0,41663870
-18,34220416;0,78658410;0,43470560
-18,30124416;0,76821190;0,48890650
-18,26028416;0,76821190;0,54304640
-18,21932416;0,76821190;0,59724720
-18,17836416;0,76821190;0,65144810
-18,13740416;0,74983980;0,72365490
-18,09644416;0,76821190;0,77785580
-18,05548416;0,76821190;0,85006250
-18,01452416;0,76821190;0,92233040
-17,97356416;0,76821190;0,97653130
-17,93260416;0,76821190;1,06680500
-17,89164416;0,78658410;1,13907300
-17,85068416;0,80495620;1,19321300
-17,80972416;0,82332840;1,24741400
-17,76876416;0,84170050;1,31968100
-17,72780416;0,86007260;1,39188800
-17,68684416;0,87844480;1,42802200
-17,64588416;0,89681690;1,48222300
-17,60492416;0,91518910;1,51829600
-17,56396416;0,95193330;1,57249700
-17,52300416;0,97030550;1,60863100
-17,48204416;0,97030550;1,62669800
-17,44108416;1,00705000;1,64476500
-17,40012416;1,02542200;1,66277100
-17,35916416;1,04379400;1,66277100
-17,31820416;1,08053800;1,66277100
-17,27724416;1,09891000;1,66277100
-17,23628416;1,11728300;1,64476500
-17,19532416;1,13565500;1,62669800
-17,15436416;1,15402700;1,57249700
-17,11340416;1,17239900;1,55443000
-17,07244416;1,17239900;1,50022900
-17,03148416;1,19077100;1,46415600
-16,99052416;1,19077100;1,40995500
-16,94956416;1,20914300;1,35575400
-16,90860416;1,20914300;1,28354800
-16,86764416;1,20914300;1,21128000
-16,82668416;1,20914300;1,15714000
-16,78572416;1,20914300;1,08487200
-16,74476417;1,19077100;1,03067100
-16,70380417;1,19077100;0,95846430
-16,66284417;1,19077100;0,88619650
-16,62188417;1,17239900;0,81398970
-16,58092417;1,15402700;0,74172190
-16,53996417;1,13565500;0,68752100
-16,49900417;1,11728300;0,61531420
-16,45804417;1,09891000;0,56111330
-16,41708417;1,08053800;0,52497940
-16,37612417;1,04379400;0,47083960
-16,33516417;1,04379400;0,41663870
-16,29420417;1,00705000;0,38050480
-16,25324417;0,98867760;0,34437090
-16,21228417;0,97030550;0,34437090
-16,17132417;0,93356120;0,32636490
-16,13036417;0,91518910;0,30829800
-16,08940417;0,89681690;0,30829800
-16,04844417;0,87844480;0,30829800
-16,00748417;0,86007260;0,32636490
-15,96652417;0,84170050;0,34437090
-15,92556417;0,82332840;0,38050480
-15,88460417;0,80495620;0,39857170
-15,84364417;0,80495620;0,43470560
-15,80268417;0,76821190;0,48890650
-15,76172417;0,76821190;0,54304640
-15,72076417;0,76821190;0,59724720
-15,67980417;0,76821190;0,65144810
-15,63884417;0,74983980;0,70558790
-15,59788417;0,76821190;0,77785580
-15,55692417;0,74983980;0,85006250
-15,51596417;0,76821190;0,92233040
-15,47500417;0,76821190;0,99453720
-15,43404417;0,76821190;1,06680500
-15,39308417;0,78658410;1,12100600
-15,35212417;0,82332840;1,19321300
-15,31116417;0,82332840;1,26548100
-15,27020417;0,84170050;1,31968100
-15,22924417;0,86007260;1,39188800
-15,18828417;0,87844480;1,42802200
-15,14732417;0,89681690;1,48222300
-15,10636418;0,91518910;1,51829600
-15,06540418;0,93356120;1,57249700
-15,02444418;0,97030550;1,60863100
-14,98348418;0,98867760;1,62669800
-14,94252418;1,00705000;1,66277100
-14,90156418;1,02542200;1,66277100
-14,86060418;1,04379400;1,68083700
-14,81964418;1,06216600;1,66277100
-14,77868418;1,09891000;1,64476500
-14,73772418;1,11728300;1,64476500
-14,69676418;1,11728300;1,62669800
-14,65580418;1,15402700;1,57249700
-14,61484418;1,15402700;1,55443000
-14,57388418;1,17239900;1,50022900
-14,53292418;1,19077100;1,46415600
-14,49196418;1,20914300;1,40995500
-14,45100418;1,20914300;1,35575400
-14,41004418;1,20914300;1,28354800
-14,36908418;1,20914300;1,22934700
-14,32812418;1,20914300;1,15714000
-14,28716418;1,19077100;1,08487200
-14,24620418;1,19077100;1,01260400
-14,20524418;1,19077100;0,95846430
-14,16428418;1,19077100;0,88619650
-14,12332418;1,15402700;0,81398970
-14,08236418;1,15402700;0,74172190
-14,04140418;1,13565500;0,66945400
-14,00044418;1,11728300;0,63338110
-13,95948418;1,09891000;0,56111330
-13,91852418;1,08053800;0,50691250
-13,87756418;1,06216600;0,47083960
-13,83660418;1,04379400;0,41663870
-13,79564418;1,00705000;0,38050480
-13,75468418;0,98867760;0,36243780
-13,71372418;0,97030550;0,34437090
-13,67276418;0,95193330;0,32636490
-13,63180418;0,91518910;0,30829800
-13,59084418;0,89681690;0,30829800
-13,54988418;0,87844480;0,32636490
-13,50892418;0,86007260;0,32636490
-13,46796419;0,84170050;0,34437090
-13,42700419;0,82332840;0,36243780
-13,38604419;0,82332840;0,39857170
-13,34508419;0,78658410;0,43470560
-13,30412419;0,78658410;0,48890650
-13,26316419;0,76821190;0,54304640
-13,22220419;0,76821190;0,59724720
-13,18124419;0,74983980;0,63338110
-13,14028419;0,76821190;0,70558790
-13,09932419;0,74983980;0,77785580
-13,05836419;0,74983980;0,85006250
-13,01740419;0,76821190;0,92233040
-12,97644419;0,76821190;0,99453720
-12,93548419;0,76821190;1,04873800
-12,89452419;0,78658410;1,12100600
-12,85356419;0,80495620;1,19321300
-12,81260419;0,82332840;1,24741400
-12,77164419;0,84170050;1,31968100
-12,73068419;0,86007260;1,39188800
-12,68972419;0,86007260;1,42802200
-12,64876419;0,89681690;1,48222300
-12,60780419;0,91518910;1,53636300
-12,56684419;0,93356120;1,57249700
-12,52588419;0,97030550;1,60863100
-12,48492419;0,98867760;1,62669800
-12,44396419;1,00705000;1,64476500
-12,40300419;1,02542200;1,66277100
-12,36204419;1,04379400;1,68083700
-12,32108419;1,06216600;1,66277100
-12,28012419;1,09891000;1,64476500
-12,23916419;1,11728300;1,64476500
-12,19820419;1,13565500;1,62669800
-12,15724419;1,15402700;1,59056400
-12,11628419;1,15402700;1,55443000
-12,07532419;1,17239900;1,50022900
-12,03436419;1,19077100;1,46415600
-11,99340419;1,19077100;1,40995500
-11,95244419;1,20914300;1,35575400
-11,91148419;1,20914300;1,28354800
-11,87052419;1,20914300;1,22934700
-11,82956420;1,20914300;1,15714000
-11,78860420;1,20914300;1,10293900
-11,74764420;1,19077100;1,03067100
-11,70668420;1,19077100;0,95846430
-11,66572420;1,17239900;0,88619650
-11,62476420;1,17239900;0,81398970
-11,58380420;1,15402700;0,74172190
-11,54284420;1,13565500;0,68752100
-11,50188420;1,11728300;0,63338110
-11,46092420;1,09891000;0,56111330
-11,41996420;1,08053800;0,52497940
-11,37900420;1,06216600;0,47083960
-11,33804420;1,04379400;0,41663870
-11,29708420;1,00705000;0,38050480
-11,25612420;0,98867760;0,34437090
-11,21516420;0,97030550;0,34437090
-11,17420420;0,95193330;0,30829800
-11,13324420;0,91518910;0,32636490
-11,09228420;0,89681690;0,30829800
-11,05132420;0,87844480;0,30829800
-11,01036420;0,86007260;0,32636490
-10,96940420;0,84170050;0,34437090
-10,92844420;0,82332840;0,36243780
-10,88748420;0,80495620;0,39857170
-10,84652420;0,78658410;0,43470560
-10,80556420;0,78658410;0,48890650
-10,76460420;0,76821190;0,54304640
-10,72364420;0,76821190;0,57918030
-10,68268420;0,76821190;0,65144810
-10,64172420;0,76821190;0,70558790
-10,60076420;0,74983980;0,77785580
-10,55980420;0,74983980;0,83199560
-10,51884420;0,76821190;0,92233040
-10,47788420;0,76821190;0,97653130
-10,43692420;0,76821190;1,04873800
-10,39596420;0,76821190;1,12100600
-10,35500420;0,80495620;1,19321300
-10,31404420;0,82332840;1,24741400
-10,27308420;0,84170050;1,30161400
-10,23212420;0,86007260;1,37382100
-10,19116421;0,87844480;1,42802200
-10,15020421;0,89681690;1,48222300
-10,10924421;0,91518910;1,51829600
-10,06828421;0,93356120;1,57249700
-10,02732421;0,97030550;1,59056400
-9,98636421;0,97030550;1,62669800
-9,94540421;1,00705000;1,64476500
-9,90444421;1,02542200;1,64476500
-9,86348421;1,04379400;1,66277100
-9,82252421;1,06216600;1,66277100
-9,78156421;1,09891000;1,66277100
-9,74060421;1,11728300;1,64476500
-9,69964421;1,13565500;1,62669800
-9,65868421;1,15402700;1,57249700
-9,61772421;1,15402700;1,55443000
-9,57676421;1,19077100;1,50022900
-9,53580421;1,19077100;1,46415600
-9,49484421;1,19077100;1,42802200
-9,45388421;1,20914300;1,35575400
-9,41292421;1,20914300;1,28354800
-9,37196421;1,20914300;1,22934700
-9,33100421;1,20914300;1,15714000
-9,29004421;1,19077100;1,10293900
-9,24908421;1,19077100;1,03067100
-9,20812421;1,19077100;0,95846430
-9,16716421;1,17239900;0,88619650
-9,12620421;1,17239900;0,81398970
-9,08524421;1,15402700;0,74172190
-9,04428421;1,13565500;0,68752100
-9,00332421;1,11728300;0,63338110
-8,96236421;1,09891000;0,56111330
-8,92140421;1,08053800;0,50691250
-8,88044421;1,06216600;0,47083960
-8,83948421;1,02542200;0,43470560
-8,79852421;1,00705000;0,38050480
-8,75756421;0,98867760;0,36243780
-8,71660421;0,97030550;0,34437090
-8,67564421;0,95193330;0,30829800
-8,63468421;0,91518910;0,30829800
-8,59372421;0,89681690;0,30829800
-8,55276421;0,87844480;0,30829800
-8,51180422;0,86007260;0,32636490
-8,47084422;0,84170050;0,34437090
-8,42988422;0,82332840;0,36243780
-8,38892422;0,82332840;0,39857170
-8,34796422;0,78658410;0,43470560
-8,30700422;0,78658410;0,48890650
-8,26604422;0,76821190;0,52497940
-8,22508422;0,76821190;0,59724720
-8,18412422;0,74983980;0,65144810
-8,14316422;0,74983980;0,70558790
-8,10220422;0,74983980;0,75978880
-8,06124422;0,74983980;0,83199560
-8,02028422;0,76821190;0,90426340
-7,97932422;0,76821190;0,97653130
-7,93836422;0,76821190;1,04873800
-7,89740422;0,78658410;1,12100600
-7,85644422;0,80495620;1,19321300
-7,81548422;0,82332840;1,24741400
-7,77452422;0,84170050;1,31968100
-7,73356422;0,86007260;1,37382100
-7,69260422;0,87844480;1,42802200
-7,65164422;0,89681690;1,48222300
-7,61068422;0,91518910;1,51829600
-7,56972422;0,93356120;1,55443000
-7,52876422;0,97030550;1,59056400
-7,48780422;0,97030550;1,62669800
-7,44684422;1,00705000;1,64476500
-7,40588422;1,02542200;1,66277100
-7,36492422;1,04379400;1,66277100
-7,32396422;1,06216600;1,68083700
-7,28300422;1,08053800;1,66277100
-7,24204422;1,11728300;1,64476500
-7,20108422;1,11728300;1,62669800
-7,16012422;1,15402700;1,57249700
-7,11916422;1,15402700;1,55443000
-7,07820422;1,17239900;1,51829600
-7,03724422;1,19077100;1,46415600
-6,99628422;1,19077100;1,40995500
-6,95532422;1,20914300;1,35575400
-6,91436422;1,19077100;1,30161400
-6,87340423;1,20914300;1,22934700
-6,83244423;1,20914300;1,17514600
-6,79148423;1,20914300;1,10293900
-6,75052423;1,19077100;1,03067100
-6,70956423;1,19077100;0,95846430
-6,66860423;1,19077100;0,90426340
-6,62764423;1,17239900;0,81398970
-6,58668423;1,15402700;0,74172190
-6,54572423;1,13565500;0,68752100
-6,50476423;1,11728300;0,63338110
-6,46380423;1,09891000;0,56111330
-6,42284423;1,08053800;0,52497940
-6,38188423;1,06216600;0,48890650
-6,34092423;1,04379400;0,43470560
-6,29996423;1,02542200;0,38050480
-6,25900423;0,98867760;0,36243780
-6,21804423;0,97030550;0,34437090
-6,17708423;0,95193330;0,32636490
-6,13612423;0,91518910;0,30829800
-6,09516423;0,89681690;0,30829800
-6,05420423;0,89681690;0,30829800
-6,01324423;0,86007260;0,30829800
-5,97228423;0,84170050;0,34437090
-5,93132423;0,82332840;0,38050480
-5,89036423;0,82332840;0,39857170
-5,84940423;0,80495620;0,43470560
-5,80844423;0,78658410;0,48890650
-5,76748423;0,76821190;0,52497940
-5,72652423;0,76821190;0,57918030
-5,68556423;0,76821190;0,65144810
-5,64460423;0,74983980;0,70558790
-5,60364423;0,74983980;0,77785580
-5,56268423;0,74983980;0,83199560
-5,52172423;0,74983980;0,90426340
-5,48076423;0,76821190;0,97653130
-5,43980423;0,76821190;1,04873800
-5,39884423;0,78658410;1,12100600
-5,35788423;0,80495620;1,19321300
-5,31692423;0,80495620;1,24741400
-5,27596423;0,84170050;1,30161400
-5,23500424;0,86007260;1,37382100
-5,19404424;0,87844480;1,42802200
-5,15308424;0,89681690;1,48222300
-5,11212424;0,91518910;1,51829600
-5,07116424;0,93356120;1,55443000
-5,03020424;0,95193330;1,59056400
-4,98924424;0,98867760;1,62669800
-4,94828424;1,00705000;1,64476500
-4,90732424;1,04379400;1,66277100
-4,86636424;1,04379400;1,66277100
-4,82540424;1,06216600;1,68083700
-4,78444424;1,09891000;1,66277100
-4,74348424;1,11728300;1,64476500
-4,70252424;1,13565500;1,62669800
-4,66156424;1,15402700;1,59056400
-4,62060424;1,17239900;1,55443000
-4,57964424;1,17239900;1,50022900
-4,53868424;1,19077100;1,46415600
-4,49772424;1,19077100;1,40995500
-4,45676424;1,19077100;1,35575400
-4,41580424;1,20914300;1,28354800
-4,37484424;1,20914300;1,22934700
-4,33388424;1,20914300;1,15714000
-4,29292424;1,19077100;1,10293900
-4,25196424;1,19077100;1,03067100
-4,21100424;1,19077100;0,95846430
-4,17004424;1,17239900;0,90426340
-4,12908424;1,17239900;0,83199560
-4,08812424;1,15402700;0,75978880
-4,04716424;1,13565500;0,70558790
-4,00620424;1,11728300;0,63338110
-3,96524424;1,09891000;0,57918030
-3,92428424;1,08053800;0,52497940
-3,88332424;1,06216600;0,47083960
-3,84236424;1,04379400;0,43470560
-3,80140424;1,00705000;0,38050480
-3,76044424;0,98867760;0,36243780
-3,71948424;0,97030550;0,34437090
-3,67852424;0,95193330;0,32636490
-3,63756424;0,91518910;0,30829800
-3,59660425;0,89681690;0,30829800
-3,55564425;0,87844480;0,30829800
-3,51468425;0,86007260;0,32636490
-3,47372425;0,84170050;0,34437090
-3,43276425;0,82332840;0,36243780
-3,39180425;0,80495620;0,39857170
-3,35084425;0,78658410;0,43470560
-3,30988425;0,78658410;0,48890650
-3,26892425;0,76821190;0,52497940
-3,22796425;0,76821190;0,57918030
-3,18700425;0,76821190;0,65144810
-3,14604425;0,76821190;0,70558790
-3,10508425;0,74983980;0,77785580
-3,06412425;0,76821190;0,85006250
-3,02316425;0,76821190;0,90426340
-2,98220425;0,76821190;0,97653130
-2,94124425;0,76821190;1,04873800
-2,90028425;0,78658410;1,12100600
-2,85932425;0,80495620;1,19321300
-2,81836425;0,82332840;1,24741400
-2,77740425;0,84170050;1,31968100
-2,73644425;0,84170050;1,37382100
-2,69548425;0,87844480;1,42802200
-2,65452425;0,89681690;1,48222300
-2,61356425;0,91518910;1,53636300
-2,57260425;0,95193330;1,57249700
-2,53164425;0,95193330;1,59056400
-2,49068425;0,97030550;1,62669800
-2,44972425;1,00705000;1,64476500
-2,40876425;1,02542200;1,66277100
-2,36780425;1,04379400;1,68083700
-2,32684425;1,06216600;1,66277100
-2,28588425;1,09891000;1,66277100
-2,24492425;1,11728300;1,64476500
-2,20396425;1,11728300;1,62669800
-2,16300425;1,15402700;1,59056400
-2,12204425;1,15402700;1,55443000
-2,08108425;1,17239900;1,50022900
-2,04012425;1,19077100;1,46415600
-1,99916425;1,19077100;1,42802200
-1,95820426;1,19077100;1,35575400
-1,91724426;1,20914300;1,30161400
-1,87628426;1,20914300;1,22934700
-1,83532426;1,19077100;1,15714000
-1,79436426;1,19077100;1,10293900
-1,75340426;1,19077100;1,03067100
-1,71244426;1,19077100;0,95846430
-1,67148426;1,17239900;0,90426340
-1,63052426;1,17239900;0,83199560
-1,58956426;1,15402700;0,75978880
-1,54860426;1,13565500;0,70558790
-1,50764426;1,11728300;0,63338110
-1,46668426;1,11728300;0,57918030
-1,42572426;1,08053800;0,52497940
-1,38476426;1,06216600;0,47083960
-1,34380426;1,04379400;0,41663870
-1,30284426;1,02542200;0,39857170
-1,26188426;0,98867760;0,36243780
-1,22092426;0,97030550;0,34437090
-1,17996426;0,95193330;0,32636490
-1,13900426;0,91518910;0,32636490
-1,09804426;0,89681690;0,29023100
-1,05708426;0,87844480;0,30829800
-1,01612426;0,86007260;0,32636490
-0,97516426;0,84170050;0,34437090
-0,93420426;0,82332840;0,36243780
-0,89324426;0,80495620;0,39857170
-0,85228426;0,80495620;0,43470560
-0,81132426;0,76821190;0,48890650
-0,77036426;0,76821190;0,52497940
-0,72940426;0,76821190;0,57918030
-0,68844426;0,74983980;0,63338110
-0,64748426;0,74983980;0,70558790
-0,60652426;0,74983980;0,75978880
-0,56556426;0,74983980;0,83199560
-0,52460426;0,76821190;0,90426340
-0,48364426;0,76821190;0,97653130
-0,44268426;0,76821190;1,04873800
-0,40172426;0,78658410;1,12100600
-0,36076426;0,80495620;1,17514600
-0,31980427;0,82332840;1,24741400
-0,27884427;0,84170050;1,31968100
-0,23788427;0,86007260;1,35575400
-0,19692427;0,87844480;1,42802200
-0,15596427;0,89681690;1,48222300
-0,11500427;0,91518910;1,51829600
-0,07404427;0,93356120;1,55443000
-0,03308427;0,95193330;1,59056400
0,00787573;0,98867760;1,62669800
0,04883573;0,98867760;1,64476500
0,08979573;1,02542200;1,64476500
0,13075573;1,04379400;1,66277100
0,17171573;1,06216600;1,68083700
0,21267573;1,08053800;1,64476500
0,25363573;1,11728300;1,64476500
0,29459573;1,11728300;1,62669800
0,33555573;1,15402700;1,59056400
0,37651573;1,15402700;1,55443000
0,41747573;1,17239900;1,51829600
0,45843573;1,19077100;1,46415600
0,49939573;1,19077100;1,42802200
0,54035573;1,20914300;1,35575400
0,58131573;1,20914300;1,28354800
0,62227573;1,20914300;1,22934700
0,66323573;1,20914300;1,17514600
0,70419573;1,20914300;1,10293900
0,74515573;1,19077100;1,04873800
0,78611573;1,19077100;0,95846430
0,82707573;1,19077100;0,90426340
0,86803573;1,17239900;0,83199560
0,90899573;1,15402700;0,75978880
0,94995573;1,13565500;0,68752100
0,99091573;1,11728300;0,63338110
1,03187573;1,09891000;0,57918030
1,07283573;1,08053800;0,52497940
1,11379573;1,06216600;0,47083960
1,15475573;1,04379400;0,41663870
1,19571573;1,02542200;0,39857170
1,23667573;0,98867760;0,36243780
1,27763573;0,97030550;0,34437090
1,31859573;0,95193330;0,32636490
1,35955572;0,91518910;0,30829800
1,40051572;0,89681690;0,30829800
1,44147572;0,87844480;0,30829800
1,48243572;0,86007260;0,32636490
1,52339572;0,84170050;0,34437090
1,56435572;0,82332840;0,36243780
1,60531572;0,82332840;0,39857170
1,64627572;0,80495620;0,43470560
1,68723572;0,78658410;0,47083960
1,72819572;0,76821190;0,52497940
1,76915572;0,76821190;0,57918030
1,81011572;0,76821190;0,65144810
1,85107572;0,76821190;0,70558790
1,89203572;0,76821190;0,77785580
1,93299572;0,76821190;0,83199560
1,97395572;0,76821190;0,90426340
2,01491572;0,76821190;0,97653130
2,05587572;0,76821190;1,03067100
2,09683572;0,78658410;1,12100600
2,13779572;0,80495620;1,17514600
2,17875572;0,82332840;1,24741400
2,21971572;0,84170050;1,30161400
2,26067572;0,84170050;1,37382100
2,30163572;0,86007260;1,42802200
2,34259572;0,89681690;1,48222300
2,38355572;0,91518910;1,51829600
2,42451572;0,93356120;1,55443000
2,46547572;0,97030550;1,59056400
2,50643572;0,97030550;1,62669800
2,54739572;1,00705000;1,64476500
2,58835572;1,02542200;1,66277100
2,62931572;1,06216600;1,66277100
2,67027572;1,06216600;1,66277100
2,71123572;1,08053800;1,66277100
2,75219572;1,11728300;1,64476500
2,79315572;1,13565500;1,62669800
2,83411572;1,15402700;1,59056400
2,87507572;1,17239900;1,55443000
2,91603572;1,17239900;1,51829600
2,95699572;1,19077100;1,48222300
2,99795571;1,19077100;1,42802200
3,03891571;1,19077100;1,35575400
3,07987571;1,20914300;1,30161400
3,12083571;1,20914300;1,22934700
3,16179571;1,20914300;1,17514600
3,20275571;1,19077100;1,10293900
3,24371571;1,20914300;1,03067100
3,28467571;1,19077100;0,95846430
3,32563571;1,19077100;0,90426340
3,36659571;1,17239900;0,83199560
3,40755571;1,15402700;0,75978880
3,44851571;1,13565500;0,70558790
3,48947571;1,11728300;0,63338110
3,53043571;1,09891000;0,57918030
3,57139571;1,08053800;0,52497940
3,61235571;1,06216600;0,47083960
3,65331571;1,04379400;0,43470560
3,69427571;1,00705000;0,39857170
3,73523571;0,98867760;0,36243780
3,77619571;0,97030550;0,34437090
3,81715571;0,95193330;0,32636490
3,85811571;0,93356120;0,30829800
3,89907571;0,89681690;0,30829800
3,94003571;0,89681690;0,30829800
3,98099571;0,86007260;0,32636490
4,02195571;0,84170050;0,34437090
4,06291571;0,82332840;0,36243780
4,10387571;0,82332840;0,39857170
4,14483571;0,80495620;0,43470560
4,18579571;0,78658410;0,48890650
4,22675571;0,76821190;0,52497940
4,26771571;0,76821190;0,56111330
4,30867571;0,76821190;0,63338110
4,34963571;0,74983980;0,70558790
4,39059571;0,74983980;0,75978880
4,43155571;0,74983980;0,83199560
4,47251571;0,76821190;0,90426340
4,51347571;0,76821190;0,97653130
4,55443571;0,76821190;1,04873800
4,59539571;0,78658410;1,10293900
4,63635570;0,80495620;1,17514600
4,67731570;0,82332840;1,24741400
4,71827570;0,84170050;1,30161400
4,75923570;0,86007260;1,35575400
4,80019570;0,86007260;1,42802200
4,84115570;0,89681690;1,48222300
4,88211570;0,91518910;1,51829600
4,92307570;0,93356120;1,55443000
4,96403570;0,97030550;1,59056400
5,00499570;0,97030550;1,62669800
5,04595570;1,00705000;1,64476500
5,08691570;1,02542200;1,66277100
5,12787570;1,04379400;1,66277100
5,16883570;1,06216600;1,68083700
5,20979570;1,09891000;1,66277100
5,25075570;1,11728300;1,64476500
5,29171570;1,11728300;1,62669800
5,33267570;1,13565500;1,59056400
5,37363570;1,15402700;1,57249700
5,41459570;1,17239900;1,51829600
5,45555570;1,19077100;1,48222300
5,49651570;1,19077100;1,42802200
5,53747570;1,19077100;1,35575400
5,57843570;1,20914300;1,30161400
5,61939570;1,20914300;1,24741400
5,66035570;1,20914300;1,17514600
5,70131570;1,19077100;1,12100600
5,74227570;1,19077100;1,04873800
5,78323570;1,19077100;0,97653130
5,82419570;1,19077100;0,90426340
5,86515570;1,17239900;0,83199560
5,90611570;1,15402700;0,75978880
5,94707570;1,13565500;0,70558790
5,98803570;1,11728300;0,63338110
6,02899570;1,09891000;0,57918030
6,06995570;1,08053800;0,52497940
6,11091570;1,06216600;0,48890650
6,15187570;1,04379400;0,43470560
6,19283570;1,00705000;0,39857170
6,23379570;0,98867760;0,36243780
6,27475569;0,97030550;0,34437090
6,31571569;0,95193330;0,32636490
6,35667569;0,93356120;0,30829800
6,39763569;0,89681690;0,30829800
6,43859569;0,87844480;0,30829800
6,47955569;0,86007260;0,32636490
6,52051569;0,84170050;0,34437090
6,56147569;0,82332840;0,36243780
6,60243569;0,80495620;0,39857170
6,64339569;0,80495620;0,41663870
6,68435569;0,78658410;0,48890650
6,72531569;0,76821190;0,52497940
6,76627569;0,76821190;0,57918030
6,80723569;0,76821190;0,63338110
6,84819569;0,74983980;0,68752100
6,88915569;0,74983980;0,75978880
6,93011569;0,74983980;0,83199560
6,97107569;0,76821190;0,90426340
7,01203569;0,76821190;0,95846430
7,05299569;0,76821190;1,04873800
7,09395569;0,78658410;1,10293900
7,13491569;0,80495620;1,17514600
7,17587569;0,82332840;1,24741400
7,21683569;0,84170050;1,30161400
7,25779569;0,86007260;1,35575400
7,29875569;0,87844480;1,42802200
7,33971569;0,89681690;1,48222300
7,38067569;0,91518910;1,51829600
7,42163569;0,93356120;1,55443000
7,46259569;0,97030550;1,59056400
7,50355569;0,97030550;1,62669800
7,54451569;1,00705000;1,64476500
7,58547569;1,02542200;1,66277100
7,62643569;1,04379400;1,66277100
7,66739569;1,06216600;1,66277100
7,70835569;1,08053800;1,64476500
7,74931569;1,11728300;1,64476500
7,79027569;1,11728300;1,62669800
7,83123569;1,13565500;1,59056400
7,87219569;1,15402700;1,57249700
7,91315568;1,17239900;1,51829600
7,95411568;1,19077100;1,48222300
7,99507568;1,19077100;1,42802200
8,03603568;1,20914300;1,35575400
8,07699568;1,19077100;1,30161400
8,11795568;1,20914300;1,24741400
8,15891568;1,20914300;1,17514600
8,19987568;1,19077100;1,12100600
8,24083568;1,19077100;1,04873800
8,28179568;1,19077100;0,97653130
8,32275568;1,19077100;0,90426340
8,36371568;1,17239900;0,83199560
8,40467568;1,15402700;0,75978880
8,44563568;1,13565500;0,70558790
8,48659568;1,11728300;0,63338110
8,52755568;1,11728300;0,57918030
8,56851568;1,08053800;0,52497940
8,60947568;1,06216600;0,48890650
8,65043568;1,04379400;0,43470560
8,69139568;1,02542200;0,39857170
8,73235568;0,98867760;0,36243780
8,77331568;0,97030550;0,34437090
8,81427568;0,95193330;0,32636490
8,85523568;0,93356120;0,32636490
8,89619568;0,89681690;0,30829800
8,93715568;0,89681690;0,30829800
8,97811568;0,86007260;0,32636490
9,01907568;0,84170050;0,34437090
9,06003568;0,82332840;0,36243780
9,10099568;0,82332840;0,39857170
9,14195568;0,80495620;0,43470560
9,18291568;0,78658410;0,48890650
9,22387568;0,76821190;0,52497940
9,26483568;0,76821190;0,57918030
9,30579568;0,74983980;0,63338110
9,34675568;0,76821190;0,68752100
9,38771568;0,74983980;0,75978880
9,42867568;0,76821190;0,83199560
9,46963568;0,74983980;0,88619650
9,51059568;0,76821190;0,95846430
9,55155567;0,78658410;1,03067100
9,59251567;0,78658410;1,10293900
9,63347567;0,80495620;1,17514600
9,67443567;0,82332840;1,24741400
9,71539567;0,82332840;1,30161400
9,75635567;0,84170050;1,35575400
9,79731567;0,87844480;1,42802200
9,83827567;0,89681690;1,46415600
9,87923567;0,89681690;1,51829600
9,92019567;0,93356120;1,55443000
9,96115567;0,95193330;1,59056400
10,00211567;0,97030550;1,62669800
10,04307567;0,98867760;1,64476500
10,08403567;1,02542200;1,66277100
10,12499567;1,04379400;1,66277100
10,16595567;1,06216600;1,66277100
10,20691567;1,09891000;1,66277100
10,24787567;1,11728300;1,64476500
10,28883567;1,11728300;1,62669800
10,32979567;1,13565500;1,59056400
10,37075567;1,17239900;1,57249700
10,41171567;1,17239900;1,51829600
10,45267567;1,19077100;1,48222300
10,49363567;1,19077100;1,42802200
10,53459567;1,19077100;1,37382100
10,57555567;1,20914300;1,30161400
10,61651567;1,20914300;1,24741400
10,65747567;1,20914300;1,19321300
10,69843567;1,20914300;1,12100600
10,73939567;1,20914300;1,04873800
10,78035567;1,19077100;0,97653130
10,82131567;1,19077100;0,90426340
10,86227567;1,17239900;0,83199560
10,90323567;1,15402700;0,75978880
10,94419567;1,13565500;0,70558790
10,98515567;1,11728300;0,63338110
11,02611567;1,11728300;0,57918030
11,06707567;1,08053800;0,52497940
11,10803567;1,06216600;0,48890650
11,14899567;1,04379400;0,43470560
11,18995567;1,02542200;0,39857170
11,23091566;0,98867760;0,36243780
11,27187566;0,97030550;0,34437090
11,31283566;0,95193330;0,32636490
11,35379566;0,91518910;0,30829800
11,39475566;0,89681690;0,30829800
11,43571566;0,89681690;0,30829800
11,47667566;0,86007260;0,30829800
11,51763566;0,84170050;0,34437090
11,55859566;0,82332840;0,36243780
11,59955566;0,80495620;0,39857170
11,64051566;0,80495620;0,43470560
11,68147566;0,78658410;0,47083960
11,72243566;0,76821190;0,52497940
11,76339566;0,76821190;0,57918030
11,80435566;0,76821190;0,63338110
11,84531566;0,76821190;0,70558790
11,88627566;0,76821190;0,75978880
11,92723566;0,74983980;0,83199560
11,96819566;0,74983980;0,88619650
12,00915566;0,76821190;0,95846430
12,05011566;0,76821190;1,04873800
12,09107566;0,76821190;1,10293900
12,13203566;0,80495620;1,15714000
12,17299566;0,82332840;1,22934700
12,21395566;0,82332840;1,30161400
12,25491566;0,84170050;1,35575400
12,29587566;0,86007260;1,40995500
12,33683566;0,89681690;1,48222300
12,37779566;0,89681690;1,51829600
12,41875566;0,93356120;1,55443000
12,45971566;0,97030550;1,59056400
12,50067566;0,97030550;1,62669800
12,54163566;0,98867760;1,64476500
12,58259566;1,02542200;1,66277100
12,62355566;1,04379400;1,66277100
12,66451566;1,06216600;1,66277100
12,70547566;1,08053800;1,64476500
12,74643566;1,11728300;1,64476500
12,78739566;1,11728300;1,62669800
12,82835566;1,13565500;1,59056400
12,86931565;1,15402700;1,57249700
12,91027565;1,17239900;1,51829600
12,95123565;1,19077100;1,48222300
12,99219565;1,19077100;1,42802200
13,03315565;1,20914300;1,37382100
13,07411565;1,19077100;1,30161400
13,11507565;1,20914300;1,24741400
13,15603565;1,20914300;1,17514600
13,19699565;1,20914300;1,12100600
13,23795565;1,19077100;1,04873800
13,27891565;1,19077100;0,97653130
13,31987565;1,17239900;0,90426340
13,36083565;1,17239900;0,83199560
13,40179565;1,15402700;0,77785580
13,44275565;1,15402700;0,70558790
13,48371565;1,11728300;0,65144810
13,52467565;1,11728300;0,57918030
13,56563565;1,08053800;0,54304640
13,60659565;1,06216600;0,48890650
13,64755565;1,04379400;0,43470560
13,68851565;1,02542200;0,39857170
13,72947565;0,98867760;0,36243780
13,77043565;0,97030550;0,34437090
13,81139565;0,95193330;0,32636490
13,85235565;0,93356120;0,30829800
13,89331565;0,89681690;0,30829800
13,93427565;0,89681690;0,30829800
13,97523565;0,87844480;0,32636490
14,01619565;0,84170050;0,34437090
14,05715565;0,84170050;0,36243780
14,09811565;0,82332840;0,39857170
14,13907565;0,80495620;0,41663870
14,18003565;0,78658410;0,48890650
14,22099565;0,76821190;0,52497940
14,26195565;0,76821190;0,56111330
14,30291565;0,74983980;0,63338110
14,34387565;0,74983980;0,68752100
14,38483565;0,76821190;0,74172190
14,42579565;0,76821190;0,81398970
14,46675565;0,76821190;0,88619650
14,50771564;0,76821190;0,95846430
14,54867564;0,76821190;1,03067100
14,58963564;0,78658410;1,10293900
14,63059564;0,80495620;1,15714000
14,67155564;0,82332840;1,22934700
14,71251564;0,82332840;1,30161400
14,75347564;0,84170050;1,35575400
14,79443564;0,86007260;1,40995500
14,83539564;0,89681690;1,46415600
14,87635564;0,91518910;1,50022900
14,91731564;0,91518910;1,55443000
14,95827564;0,95193330;1,59056400
14,99923564;0,97030550;1,62669800
15,04019564;0,98867760;1,64476500
15,08115564;1,02542200;1,64476500
15,12211564;1,04379400;1,66277100
15,16307564;1,06216600;1,66277100
15,20403564;1,08053800;1,66277100
15,24499564;1,09891000;1,64476500
15,28595564;1,13565500;1,62669800
15,32691564;1,13565500;1,59056400
15,36787564;1,15402700;1,57249700
15,40883564;1,17239900;1,51829600
15,44979564;1,19077100;1,48222300
15,49075564;1,19077100;1,42802200
15,53171564;1,19077100;1,37382100
15,57267564;1,20914300;1,30161400
15,61363564;1,19077100;1,26548100
15,65459564;1,20914300;1,19321300
15,69555564;1,20914300;1,12100600
15,73651564;1,19077100;1,04873800
15,77747564;1,19077100;0,97653130
15,81843564;1,19077100;0,90426340
15,85939564;1,17239900;0,85006250
15,90035564;1,15402700;0,77785580
15,94131564;1,13565500;0,70558790
15,98227564;1,11728300;0,65144810
16,02323564;1,11728300;0,59724720
16,06419564;1,08053800;0,54304640
16,10515564;1,06216600;0,48890650
16,14611563;1,04379400;0,45277260
16,18707563;1,02542200;0,41663870
16,22803563;0,98867760;0,36243780
16,26899563;0,97030550;0,34437090
16,30995563;0,97030550;0,32636490
16,35091563;0,93356120;0,30829800
16,39187563;0,91518910;0,30829800
16,43283563;0,89681690;0,30829800
16,47379563;0,87844480;0,30829800
16,51475563;0,84170050;0,34437090
16,55571563;0,82332840;0,34437090
16,59667563;0,82332840;0,38050480
16,63763563;0,80495620;0,43470560
16,67859563;0,78658410;0,47083960
16,71955563;0,76821190;0,52497940
16,76051563;0,76821190;0,56111330
16,80147563;0,76821190;0,61531420
16,84243563;0,74983980;0,68752100
16,88339563;0,76821190;0,74172190
16,92435563;0,76821190;0,83199560
16,96531563;0,76821190;0,88619650
17,00627563;0,76821190;0,95846430
17,04723563;0,76821190;1,03067100
17,08819563;0,78658410;1,10293900
17,12915563;0,80495620;1,15714000
17,17011563;0,82332840;1,22934700
17,21107563;0,82332840;1,30161400
17,25203563;0,84170050;1,35575400
17,29299563;0,87844480;1,40995500
17,33395563;0,89681690;1,46415600
17,37491563;0,89681690;1,50022900
17,41587563;0,91518910;1,53636300
17,45683563;0,97030550;1,59056400
17,49779563;0,97030550;1,62669800
17,53875563;0,98867760;1,64476500
17,57971563;1,02542200;1,66277100
17,62067563;1,04379400;1,66277100
17,66163563;1,06216600;1,66277100
17,70259563;1,09891000;1,66277100
17,74355563;1,09891000;1,64476500
17,78451562;1,11728300;1,62669800
17,82547562;1,13565500;1,60863100
17,86643562;1,15402700;1,57249700
17,90739562;1,17239900;1,51829600
17,94835562;1,19077100;1,48222300
17,98931562;1,19077100;1,42802200
18,03027562;1,19077100;1,37382100
18,07123562;1,20914300;1,30161400
18,11219562;1,20914300;1,24741400
18,15315562;1,20914300;1,19321300
18,19411562;1,20914300;1,12100600
18,23507562;1,20914300;1,04873800
18,27603562;1,19077100;0,97653130
18,31699562;1,19077100;0,90426340
18,35795562;1,17239900;0,85006250
18,39891562;1,15402700;0,77785580
18,43987562;1,13565500;0,70558790
18,48083562;1,11728300;0,63338110
18,52179562;1,11728300;0,59724720
18,56275562;1,08053800;0,54304640
18,60371562;1,06216600;0,48890650
18,64467562;1,04379400;0,43470560
18,68563562;1,00705000;0,39857170
18,72659562;1,00705000;0,36243780
18,76755562;0,97030550;0,34437090
18,80851562;0,97030550;0,32636490
18,84947562;0,91518910;0,32636490
18,89043562;0,91518910;0,30829800
18,93139562;0,89681690;0,32636490
18,97235562;0,87844480;0,32636490
19,01331562;0,84170050;0,32636490
19,05427562;0,84170050;0,36243780
19,09523562;0,82332840;0,38050480
19,13619562;0,80495620;0,41663870
19,17715562;0,78658410;0,48890650
19,21811562;0,76821190;0,52497940
19,25907562;0,76821190;0,56111330
19,30003562;0,74983980;0,63338110
19,34099562;0,74983980;0,68752100
19,38195562;0,76821190;0,74172190
19,42291561;0,74983980;0,81398970
19,46387561;0,76821190;0,88619650
19,50483561;0,76821190;0,95846430
19,54579561;0,76821190;1,01260400
19,58675561;0,78658410;1,10293900
19,62771561;0,80495620;1,15714000
19,66867561;0,82332840;1,22934700
19,70963561;0,84170050;1,28354800
19,75059561;0,84170050;1,35575400
19,79155561;0,86007260;1,40995500
19,83251561;0,89681690;1,46415600
19,87347561;0,91518910;1,50022900
19,91443561;0,93356120;1,55443000
19,95539561;0,97030550;1,59056400
19,99635561;0,97030550;1,60863100
20,03731561;0,98867760;1,64476500
20,07827561;1,02542200;1,64476500
20,11923561;1,04379400;1,66277100
20,16019561;1,06216600;1,66277100
20,20115561;1,08053800;1,66277100
20,24211561;1,09891000;1,64476500
20,28307561;1,11728300;1,62669800
20,32403561;1,15402700;1,60863100
20,36499561;1,15402700;1,55443000
20,40595561;1,17239900;1,53636300
20,44691561;1,19077100;1,48222300
20,48787561;1,19077100;1,42802200
20,52883561;1,19077100;1,39188800
20,56979561;1,19077100;1,31968100
20,61075561;1,20914300;1,26548100
20,65171561;1,20914300;1,19321300
20,69267561;1,20914300;1,12100600
20,73363561;1,20914300;1,04873800
20,77459561;1,19077100;0,99453720
20,81555561;1,19077100;0,92233040
20,85651561;1,17239900;0,85006250
20,89747561;1,15402700;0,77785580
20,93843561;1,13565500;0,70558790
20,97939561;1,13565500;0,65144810
21,02035561;1,11728300;0,59724720
21,06131561;1,09891000;0,54304640
21,10227560;1,06216600;0,48890650
21,14323560;1,04379400;0,43470560
21,18419560;1,02542200;0,39857170
21,22515560;1,00705000;0,36243780
21,26611560;0,97030550;0,34437090
21,30707560;0,97030550;0,32636490
21,34803560;0,93356120;0,32636490
21,38899560;0,91518910;0,30829800
21,42995560;0,89681690;0,30829800
21,47091560;0,87844480;0,30829800
21,51187560;0,86007260;0,32636490
21,55283560;0,84170050;0,36243780
21,59379560;0,82332840;0,38050480
21,63475560;0,80495620;0,41663870
21,67571560;0,78658410;0,47083960
21,71667560;0,76821190;0,50691250
21,75763560;0,76821190;0,56111330
21,79859560;0,74983980;0,63338110
21,83955560;0,74983980;0,68752100
21,88051560;0,76821190;0,74172190
21,92147560;0,74983980;0,81398970
21,96243560;0,76821190;0,88619650
22,00339560;0,76821190;0,94039730
22,04435560;0,76821190;1,01260400
22,08531560;0,78658410;1,10293900
22,12627560;0,78658410;1,15714000
22,16723560;0,80495620;1,22934700
22,20819560;0,82332840;1,28354800
22,24915560;0,84170050;1,35575400
22,29011560;0,86007260;1,40995500
22,33107560;0,89681690;1,46415600
22,37203560;0,89681690;1,51829600
22,41299560;0,93356120;1,55443000
22,45395560;0,95193330;1,57249700
22,49491560;0,97030550;1,62669800
22,53587560;0,98867760;1,64476500
22,57683560;1,02542200;1,64476500
22,61779560;1,04379400;1,66277100
22,65875560;1,06216600;1,66277100
22,69971560;1,08053800;1,66277100
22,74067559;1,11728300;1,64476500
22,78163559;1,11728300;1,62669800
22,82259559;1,13565500;1,59056400
22,86355559;1,15402700;1,57249700
22,90451559;1,17239900;1,51829600
22,94547559;1,17239900;1,48222300
22,98643559;1,19077100;1,42802200
23,02739559;1,19077100;1,37382100
23,06835559;1,20914300;1,31968100
23,10931559;1,20914300;1,24741400
23,15027559;1,20914300;1,19321300
23,19123559;1,20914300;1,12100600
23,23219559;1,20914300;1,06680500
23,27315559;1,19077100;0,99453720
23,31411559;1,19077100;0,90426340
23,35507559;1,17239900;0,85006250
23,39603559;1,17239900;0,77785580
23,43699559;1,13565500;0,70558790
23,47795559;1,11728300;0,65144810
23,51891559;1,11728300;0,59724720
23,55987559;1,08053800;0,54304640
23,60083559;1,06216600;0,48890650
23,64179559;1,04379400;0,45277260
23,68275559;1,02542200;0,39857170
23,72371559;1,00705000;0,38050480
23,76467559;0,97030550;0,34437090
23,80563559;0,95193330;0,32636490
23,84659559;0,93356120;0,32636490
23,88755559;0,91518910;0,32636490
23,92851559;0,89681690;0,30829800
23,96947559;0,86007260;0,32636490
24,01043559;0,84170050;0,34437090
24,05139559;0,84170050;0,36243780
24,09235559;0,82332840;0,39857170
24,13331559;0,78658410;0,41663870
24,17427559;0,78658410;0,47083960
24,21523559;0,76821190;0,50691250
24,25619559;0,76821190;0,56111330
24,29715559;0,76821190;0,61531420
24,33811559;0,76821190;0,68752100
24,37907558;0,76821190;0,74172190
24,42003558;0,74983980;0,81398970
24,46099558;0,74983980;0,88619650
24,50195558;0,76821190;0,94039730
24,54291558;0,76821190;1,01260400
24,58387558;0,78658410;1,08487200
24,62483558;0,80495620;1,15714000
24,66579558;0,82332840;1,21128000
24,70675558;0,84170050;1,28354800
24,74771558;0,84170050;1,35575400
24,78867558;0,86007260;1,40995500
24,82963558;0,89681690;1,44608900
24,87059558;0,91518910;1,50022900
24,91155558;0,91518910;1,55443000
24,95251558;0,95193330;1,57249700
24,99347558;0,97030550;1,62669800
25,03443558;0,98867760;1,64476500
25,07539558;1,02542200;1,66277100
25,11635558;1,04379400;1,66277100
25,15731558;1,06216600;1,66277100
25,19827558;1,08053800;1,66277100
25,23923558;1,09891000;1,64476500
25,28019558;1,11728300;1,62669800
25,32115558;1,13565500;1,59056400
25,36211558;1,15402700;1,57249700
25,40307558;1,17239900;1,51829600
25,44403558;1,19077100;1,50022900
25,48499558;1,19077100;1,44608900
25,52595558;1,19077100;1,39188800
25,56691558;1,20914300;1,31968100
25,60787558;1,20914300;1,26548100
25,64883558;1,20914300;1,19321300
25,68979558;1,20914300;1,12100600
25,73075558;1,20914300;1,06680500
25,77171558;1,19077100;0,97653130
25,81267558;1,19077100;0,92233040
25,85363558;1,19077100;0,85006250
25,89459558;1,15402700;0,77785580
25,93555558;1,13565500;0,70558790
25,97651558;1,13565500;0,65144810
26,01747557;1,11728300;0,59724720
26,05843557;1,09891000;0,54304640
26,09939557;1,06216600;0,48890650
26,14035557;1,06216600;0,45277260
26,18131557;1,02542200;0,39857170
26,22227557;1,00705000;0,38050480
26,26323557;0,97030550;0,34437090
26,30419557;0,97030550;0,32636490
26,34515557;0,93356120;0,30829800
26,38611557;0,91518910;0,30829800
26,42707557;0,89681690;0,32636490
26,46803557;0,87844480;0,32636490
26,50899557;0,86007260;0,34437090
26,54995557;0,84170050;0,36243780
26,59091557;0,82332840;0,38050480
26,63187557;0,80495620;0,41663870
26,67283557;0,78658410;0,47083960
26,71379557;0,76821190;0,50691250
26,75475557;0,76821190;0,56111330
26,79571557;0,76821190;0,61531420
26,83667557;0,76821190;0,68752100
26,87763557;0,74983980;0,74172190
26,91859557;0,74983980;0,81398970
26,95955557;0,76821190;0,88619650
27,00051557;0,76821190;0,94039730
27,04147557;0,76821190;1,01260400
27,08243557;0,78658410;1,08487200
27,12339557;0,80495620;1,13907300
27,16435557;0,80495620;1,21128000
27,20531557;0,82332840;1,28354800
27,24627557;0,84170050;1,33768700
27,28723557;0,87844480;1,40995500
27,32819557;0,89681690;1,44608900
27,36915557;0,91518910;1,50022900
27,41011557;0,91518910;1,55443000
27,45107557;0,95193330;1,57249700
27,49203557;0,97030550;1,60863100
27,53299557;0,98867760;1,64476500
27,57395557;1,02542200;1,64476500
27,61491557;1,04379400;1,66277100
27,65587556;1,06216600;1,66277100
27,69683556;1,08053800;1,66277100
27,73779556;1,09891000;1,64476500
27,77875556;1,11728300;1,64476500
27,81971556;1,13565500;1,60863100
27,86067556;1,15402700;1,57249700
27,90163556;1,17239900;1,53636300
27,94259556;1,19077100;1,48222300
27,98355556;1,19077100;1,42802200
28,02451556;1,19077100;1,39188800
28,06547556;1,19077100;1,31968100
28,10643556;1,19077100;1,26548100
28,14739556;1,20914300;1,19321300
28,18835556;1,20914300;1,13907300
28,22931556;1,20914300;1,06680500
28,27027556;1,19077100;0,99453720
28,31123556;1,17239900;0,92233040
28,35219556;1,17239900;0,85006250
28,39315556;1,15402700;0,77785580
28,43411556;1,15402700;0,72365490
28,47507556;1,11728300;0,65144810
28,51603556;1,11728300;0,59724720
28,55699556;1,09891000;0,54304640
28,59795556;1,06216600;0,48890650
28,63891556;1,04379400;0,43470560
28,67987556;1,02542200;0,39857170
28,72083556;1,00705000;0,38050480
28,76179556;0,97030550;0,34437090
28,80275556;0,97030550;0,32636490
28,84371556;0,93356120;0,32636490
28,88467556;0,91518910;0,30829800
28,92563556;0,89681690;0,30829800
28,96659556;0,87844480;0,32636490
29,00755556;0,84170050;0,34437090
29,04851556;0,84170050;0,34437090
29,08947556;0,82332840;0,38050480
29,13043556;0,80495620;0,41663870
29,17139556;0,78658410;0,47083960
29,21235556;0,76821190;0,50691250
29,25331556;0,76821190;0,56111330
29,29427556;0,76821190;0,63338110
29,33523555;0,74983980;0,68752100
29,37619555;0,74983980;0,74172190
29,41715555;0,74983980;0,81398970
29,45811555;0,74983980;0,88619650
29,49907555;0,76821190;0,94039730
29,54003555;0,76821190;1,01260400
29,58099555;0,78658410;1,08487200
29,62195555;0,78658410;1,15714000
29,66291555;0,82332840;1,21128000
29,70387555;0,82332840;1,28354800
29,74483555;0,84170050;1,33768700
29,78579555;0,86007260;1,39188800
29,82675555;0,87844480;1,46415600
29,86771555;0,89681690;1,51829600
29,90867555;0,91518910;1,55443000
29,94963555;0,95193330;1,57249700
29,99059555;0,97030550;1,62669800
30,03155555;0,98867760;1,64476500
30,07251555;1,00705000;1,66277100
30,11347555;1,04379400;1,66277100
30,15443555;1,06216600;1,66277100
30,19539555;1,08053800;1,66277100
30,23635555;1,11728300;1,64476500
30,27731555;1,11728300;1,62669800
30,31827555;1,13565500;1,60863100
30,35923555;1,15402700;1,57249700
30,40019555;1,17239900;1,53636300
30,44115555;1,19077100;1,48222300
30,48211555;1,19077100;1,42802200
30,52307555;1,19077100;1,39188800
30,56403555;1,20914300;1,31968100
30,60499555;1,20914300;1,24741400
30,64595555;1,19077100;1,19321300
30,68691555;1,19077100;1,12100600
30,72787555;1,19077100;1,06680500
30,76883555;1,19077100;0,99453720
30,80979555;1,19077100;0,92233040
30,85075555;1,17239900;0,85006250
30,89171555;1,17239900;0,77785580
30,93267555;1,15402700;0,72365490
30,97363554;1,13565500;0,65144810
31,01459554;1,11728300;0,59724720
31,05555554;1,09891000;0,54304640
31,09651554;1,06216600;0,48890650
31,13747554;1,04379400;0,45277260
31,17843554;1,02542200;0,41663870
31,21939554;1,00705000;0,38050480
31,26035554;0,98867760;0,34437090
31,30131554;0,95193330;0,32636490
31,34227554;0,93356120;0,32636490
31,38323554;0,91518910;0,30829800
31,42419554;0,89681690;0,30829800
31,46515554;0,86007260;0,30829800
31,50611554;0,86007260;0,34437090
31,54707554;0,84170050;0,34437090
31,58803554;0,82332840;0,38050480
31,62899554;0,80495620;0,41663870
31,66995554;0,78658410;0,47083960
31,71091554;0,76821190;0,50691250
31,75187554;0,76821190;0,56111330
31,79283554;0,76821190;0,61531420
31,83379554;0,74983980;0,66945400
31,87475554;0,76821190;0,74172190
31,91571554;0,76821190;0,81398970
31,95667554;0,76821190;0,86812950
31,99763554;0,76821190;0,94039730
32,03859554;0,76821190;1,01260400
32,07955554;0,78658410;1,08487200
32,12051554;0,78658410;1,15714000
32,16147554;0,80495620;1,22934700
32,20243554;0,82332840;1,28354800
32,24339554;0,84170050;1,33768700
32,28435554;0,86007260;1,40995500
32,32531554;0,89681690;1,46415600
32,36627554;0,91518910;1,50022900
32,40723554;0,91518910;1,53636300
32,44819554;0,93356120;1,57249700
32,48915554;0,97030550;1,60863100
32,53011554;0,98867760;1,64476500
32,57107554;1,00705000;1,64476500
32,61203553;1,04379400;1,66277100
32,65299553;1,06216600;1,66277100
32,69395553;1,08053800;1,66277100
32,73491553;1,09891000;1,64476500
32,77587553;1,11728300;1,64476500
32,81683553;1,15402700;1,59056400
32,85779553;1,15402700;1,57249700
32,89875553;1,17239900;1,53636300
32,93971553;1,19077100;1,50022900
32,98067553;1,19077100;1,44608900
33,02163553;1,19077100;1,39188800
33,06259553;1,20914300;1,31968100
33,10355553;1,20914300;1,26548100
33,14451553;1,20914300;1,19321300
33,18547553;1,20914300;1,13907300
33,22643553;1,20914300;1,06680500
33,26739553;1,19077100;0,99453720
33,30835553;1,19077100;0,92233040
33,34931553;1,17239900;0,85006250
33,39027553;1,15402700;0,79592280
33,43123553;1,15402700;0,72365490
33,47219553;1,13565500;0,65144810
33,51315553;1,11728300;0,59724720
33,55411553;1,09891000;0,56111330
33,59507553;1,06216600;0,48890650
33,63603553;1,06216600;0,45277260
33,67699553;1,02542200;0,41663870
33,71795553;1,00705000;0,38050480
33,75891553;0,98867760;0,34437090
33,79987553;0,97030550;0,32636490
33,84083553;0,93356120;0,32636490
33,88179553;0,91518910;0,30829800
33,92275553;0,89681690;0,30829800
33,96371553;0,87844480;0,32636490
34,00467553;0,84170050;0,32636490
34,04563553;0,84170050;0,36243780
34,08659553;0,82332840;0,38050480
34,12755553;0,80495620;0,41663870
34,16851553;0,78658410;0,45277260
34,20947553;0,76821190;0,50691250
34,25043552;0,76821190;0,56111330
34,29139552;0,76821190;0,61531420
34,33235552;0,74983980;0,66945400
34,37331552;0,74983980;0,74172190
34,41427552;0,74983980;0,81398970
34,45523552;0,76821190;0,86812950
34,49619552;0,76821190;0,94039730
34,53715552;0,76821190;1,01260400
34,57811552;0,78658410;1,06680500
34,61907552;0,78658410;1,15714000
34,66003552;0,82332840;1,21128000
34,70099552;0,82332840;1,28354800
34,74195552;0,84170050;1,33768700
34,78291552;0,86007260;1,39188800
34,82387552;0,89681690;1,44608900
34,86483552;0,89681690;1,50022900
34,90579552;0,91518910;1,53636300
34,94675552;0,95193330;1,57249700
34,98771552;0,97030550;1,60863100
35,02867552;0,98867760;1,62669800
35,06963552;1,00705000;1,64476500
35,11059552;1,04379400;1,64476500
35,15155552;1,06216600;1,68083700
35,19251552;1,08053800;1,66277100
35,23347552;1,09891000;1,66277100
35,27443552;1,11728300;1,62669800
35,31539552;1,13565500;1,60863100
35,35635552;1,15402700;1,57249700
35,39731552;1,17239900;1,53636300
35,43827552;1,19077100;1,50022900
35,47923552;1,19077100;1,44608900
35,52019552;1,19077100;1,39188800
35,56115552;1,19077100;1,33768700
35,60211552;1,20914300;1,26548100
35,64307552;1,20914300;1,21128000
35,68403552;1,19077100;1,13907300
35,72499552;1,19077100;1,06680500
35,76595552;1,19077100;0,99453720
35,80691552;1,19077100;0,92233040
35,84787552;1,19077100;0,86812950
35,88883551;1,17239900;0,77785580
35,92979551;1,15402700;0,72365490
35,97075551;1,13565500;0,65144810
36,01171551;1,11728300;0,61531420
36,05267551;1,09891000;0,54304640
36,09363551;1,06216600;0,48890650
36,13459551;1,04379400;0,45277260
36,17555551;1,02542200;0,39857170
36,21651551;1,00705000;0,38050480
36,25747551;0,97030550;0,34437090
36,29843551;0,97030550;0,32636490
36,33939551;0,93356120;0,32636490
36,38035551;0,91518910;0,30829800
36,42131551;0,89681690;0,30829800
36,46227551;0,87844480;0,32636490
36,50323551;0,86007260;0,34437090
36,54419551;0,84170050;0,36243780
36,58515551;0,82332840;0,38050480
36,62611551;0,80495620;0,41663870
36,66707551;0,78658410;0,45277260
36,70803551;0,76821190;0,50691250
36,74899551;0,76821190;0,56111330
36,78995551;0,76821190;0,61531420
36,83091551;0,74983980;0,66945400
36,87187551;0,76821190;0,72365490
36,91283551;0,74983980;0,79592280
36,95379551;0,76821190;0,86812950
36,99475551;0,76821190;0,94039730
37,03571551;0,76821190;1,01260400
37,07667551;0,76821190;1,08487200
37,11763551;0,80495620;1,13907300
37,15859551;0,80495620;1,21128000
37,19955551;0,82332840;1,28354800
37,24051551;0,84170050;1,33768700
37,28147551;0,86007260;1,40995500
37,32243551;0,87844480;1,46415600
37,36339551;0,89681690;1,50022900
37,40435551;0,91518910;1,55443000
37,44531551;0,95193330;1,57249700
37,48627551;0,97030550;1,62669800
37,52723550;0,98867760;1,64476500
37,56819550;1,00705000;1,64476500
37,60915550;1,04379400;1,66277100
37,65011550;1,06216600;1,66277100
37,69107550;1,08053800;1,66277100
37,73203550;1,11728300;1,64476500
37,77299550;1,11728300;1,64476500
37,81395550;1,13565500;1,59056400
37,85491550;1,15402700;1,57249700
37,89587550;1,17239900;1,53636300
37,93683550;1,19077100;1,50022900
37,97779550;1,19077100;1,44608900
38,01875550;1,20914300;1,39188800
38,05971550;1,19077100;1,33768700
38,10067550;1,20914300;1,28354800
38,14163550;1,20914300;1,21128000
38,18259550;1,20914300;1,13907300
38,22355550;1,19077100;1,06680500
38,26451550;1,19077100;0,99453720
38,30547550;1,19077100;0,92233040
38,34643550;1,17239900;0,86812950
38,38739550;1,15402700;0,79592280
38,42835550;1,15402700;0,72365490
38,46931550;1,11728300;0,66945400
38,51027550;1,11728300;0,61531420
38,55123550;1,09891000;0,54304640
38,59219550;1,06216600;0,48890650
38,63315550;1,04379400;0,45277260
38,67411550;1,04379400;0,41663870
38,71507550;1,00705000;0,38050480
38,75603550;0,98867760;0,34437090
38,79699550;0,97030550;0,32636490
38,83795550;0,93356120;0,30829800
38,87891550;0,91518910;0,30829800
38,91987550;0,89681690;0,30829800
38,96083550;0,86007260;0,32636490
39,00179550;0,86007260;0,32636490
39,04275550;0,84170050;0,34437090
39,08371550;0,82332840;0,38050480
39,12467550;0,80495620;0,41663870
39,16563550;0,78658410;0,47083960
39,20659549;0,78658410;0,50691250
39,24755549;0,76821190;0,56111330
39,28851549;0,76821190;0,61531420
39,32947549;0,74983980;0,66945400
39,37043549;0,76821190;0,72365490
39,41139549;0,74983980;0,79592280
39,45235549;0,76821190;0,86812950
39,49331549;0,76821190;0,94039730
39,53427549;0,76821190;1,01260400
39,57523549;0,78658410;1,06680500
39,61619549;0,80495620;1,13907300
39,65715549;0,80495620;1,21128000
39,69811549;0,82332840;1,26548100
39,73907549;0,84170050;1,33768700
39,78003549;0,86007260;1,40995500
39,82099549;0,87844480;1,44608900
39,86195549;0,89681690;1,50022900
39,90291549;0,93356120;1,53636300
39,94387549;0,95193330;1,57249700
39,98483549;0,97030550;1,60863100
40,02579549;0,98867760;1,62669800
40,06675549;1,02542200;1,64476500
40,10771549;1,04379400;1,66277100
40,14867549;1,06216600;1,66277100
40,18963549;1,06216600;1,66277100
40,23059549;1,09891000;1,64476500
40,27155549;1,11728300;1,62669800
40,31251549;1,13565500;1,60863100
40,35347549;1,15402700;1,57249700
40,39443549;1,17239900;1,55443000
40,43539549;1,19077100;1,50022900
40,47635549;1,19077100;1,44608900
40,51731549;1,19077100;1,39188800
40,55827549;1,20914300;1,33768700
40,59923549;1,20914300;1,26548100
40,64019549;1,20914300;1,19321300
40,68115549;1,20914300;1,13907300
40,72211549;1,20914300;1,06680500
40,76307549;1,19077100;0,99453720
40,80403549;1,19077100;0,92233040
40,84499548;1,17239900;0,86812950
40,88595548;1,15402700;0,79592280
40,92691548;1,13565500;0,72365490
40,96787548;1,11728300;0,66945400
41,00883548;1,11728300;0,61531420
41,04979548;1,09891000;0,56111330
41,09075548;1,06216600;0,50691250
41,13171548;1,04379400;0,45277260
41,17267548;1,02542200;0,39857170
41,21363548;1,00705000;0,38050480
41,25459548;0,98867760;0,34437090
41,29555548;0,97030550;0,34437090
41,33651548;0,93356120;0,32636490
41,37747548;0,91518910;0,30829800
41,41843548;0,89681690;0,30829800
41,45939548;0,87844480;0,30829800
41,50035548;0,86007260;0,32636490
41,54131548;0,84170050;0,34437090
41,58227548;0,82332840;0,38050480
41,62323548;0,80495620;0,39857170
41,66419548;0,78658410;0,45277260
41,70515548;0,78658410;0,50691250
41,74611548;0,76821190;0,56111330
41,78707548;0,76821190;0,61531420
41,82803548;0,76821190;0,66945400
41,86899548;0,74983980;0,72365490
41,90995548;0,74983980;0,79592280
41,95091548;0,76821190;0,86812950
41,99187548;0,76821190;0,94039730
42,03283548;0,76821190;1,01260400
42,07379548;0,78658410;1,06680500
42,11475548;0,78658410;1,13907300
42,15571548;0,80495620;1,21128000
42,19667548;0,82332840;1,26548100
42,23763548;0,84170050;1,33768700
42,27859548;0,86007260;1,40995500
42,31955548;0,87844480;1,44608900
42,36051548;0,89681690;1,50022900
42,40147548;0,91518910;1,53636300
42,44243548;0,93356120;1,57249700
42,48339547;0,97030550;1,62669800
42,52435547;0,98867760;1,62669800
42,56531547;1,02542200;1,66277100
42,60627547;1,02542200;1,66277100
42,64723547;1,06216600;1,68083700
42,68819547;1,08053800;1,66277100
42,72915547;1,09891000;1,64476500
42,77011547;1,11728300;1,64476500
42,81107547;1,13565500;1,60863100
42,85203547;1,15402700;1,57249700
42,89299547;1,17239900;1,53636300
42,93395547;1,17239900;1,50022900
42,97491547;1,19077100;1,44608900
43,01587547;1,19077100;1,39188800
43,05683547;1,19077100;1,33768700
43,09779547;1,20914300;1,26548100
43,13875547;1,20914300;1,21128000
43,17971547;1,20914300;1,13907300
43,22067547;1,19077100;1,06680500
43,26163547;1,19077100;1,01260400
43,30259547;1,19077100;0,92233040
43,34355547;1,17239900;0,86812950
43,38451547;1,17239900;0,79592280
43,42547547;1,15402700;0,72365490
43,46643547;1,13565500;0,66945400
43,50739547;1,11728300;0,61531420
43,54835547;1,09891000;0,54304640
43,58931547;1,06216600;0,48890650
43,63027547;1,06216600;0,45277260
43,67123547;1,04379400;0,41663870
43,71219547;1,00705000;0,38050480
43,75315547;0,98867760;0,34437090
43,79411547;0,97030550;0,32636490
43,83507547;0,93356120;0,32636490
43,87603547;0,91518910;0,30829800
43,91699547;0,89681690;0,30829800
43,95795547;0,87844480;0,32636490
43,99891547;0,86007260;0,34437090
44,03987547;0,84170050;0,34437090
44,08083547;0,82332840;0,38050480
44,12179546;0,80495620;0,41663870
44,16275546;0,78658410;0,47083960
44,20371546;0,76821190;0,50691250
44,24467546;0,76821190;0,54304640
44,28563546;0,76821190;0,59724720
44,32659546;0,74983980;0,66945400
44,36755546;0,74983980;0,74172190
44,40851546;0,76821190;0,79592280
44,44947546;0,74983980;0,86812950
44,49043546;0,76821190;0,92233040
44,53139546;0,76821190;0,99453720
44,57235546;0,78658410;1,06680500
44,61331546;0,78658410;1,13907300
44,65427546;0,80495620;1,21128000
44,69523546;0,82332840;1,28354800
44,73619546;0,84170050;1,33768700
44,77715546;0,86007260;1,40995500
44,81811546;0,87844480;1,44608900
44,85907546;0,89681690;1,50022900
44,90003546;0,91518910;1,53636300
44,94099546;0,95193330;1,57249700
44,98195546;0,97030550;1,60863100
45,02291546;0,98867760;1,64476500
45,06387546;1,00705000;1,66277100
45,10483546;1,04379400;1,66277100
45,14579546;1,06216600;1,68083700
45,18675546;1,08053800;1,66277100
45,22771546;1,09891000;1,64476500
45,26867546;1,11728300;1,64476500
45,30963546;1,13565500;1,60863100
45,35059546;1,15402700;1,57249700
45,39155546;1,17239900;1,53636300
45,43251546;1,17239900;1,50022900
45,47347546;1,19077100;1,44608900
45,51443546;1,19077100;1,39188800
45,55539546;1,20914300;1,33768700
45,59635546;1,20914300;1,28354800
45,63731546;1,20914300;1,21128000
45,67827546;1,20914300;1,13907300
45,71923546;1,19077100;1,06680500
45,76019545;1,19077100;0,99453720
45,80115545;1,19077100;0,94039730
45,84211545;1,19077100;0,86812950
45,88307545;1,17239900;0,79592280
45,92403545;1,15402700;0,74172190
45,96499545;1,13565500;0,66945400
46,00595545;1,11728300;0,61531420
46,04691545;1,09891000;0,56111330
46,08787545;1,08053800;0,50691250
46,12883545;1,04379400;0,45277260
46,16979545;1,02542200;0,41663870
46,21075545;1,00705000;0,38050480
46,25171545;0,98867760;0,36243780
46,29267545;0,97030550;0,32636490
46,33363545;0,93356120;0,30829800
46,37459545;0,91518910;0,30829800
46,41555545;0,89681690;0,30829800
46,45651545;0,87844480;0,32636490
46,49747545;0,86007260;0,34437090
46,53843545;0,82332840;0,34437090
46,57939545;0,82332840;0,38050480
46,62035545;0,80495620;0,41663870
46,66131545;0,78658410;0,45277260
46,70227545;0,76821190;0,48890650
46,74323545;0,76821190;0,54304640
46,78419545;0,76821190;0,61531420
46,82515545;0,76821190;0,66945400
46,86611545;0,74983980;0,72365490
46,90707545;0,74983980;0,79592280
46,94803545;0,76821190;0,86812950
46,98899545;0,76821190;0,92233040
47,02995545;0,76821190;0,99453720
47,07091545;0,76821190;1,06680500
47,11187545;0,80495620;1,13907300
47,15283545;0,80495620;1,19321300
47,19379545;0,82332840;1,26548100
47,23475545;0,84170050;1,33768700
47,27571545;0,86007260;1,39188800
47,31667545;0,87844480;1,44608900
47,35763545;0,89681690;1,50022900
47,39859544;0,91518910;1,53636300
47,43955544;0,93356120;1,57249700
47,48051544;0,97030550;1,60863100
47,52147544;0,98867760;1,62669800
47,56243544;1,00705000;1,64476500
47,60339544;1,04379400;1,66277100
47,64435544;1,06216600;1,68083700
47,68531544;1,08053800;1,66277100
47,72627544;1,09891000;1,66277100
47,76723544;1,11728300;1,64476500
47,80819544;1,13565500;1,60863100
47,84915544;1,15402700;1,57249700
47,89011544;1,17239900;1,53636300
47,93107544;1,17239900;1,50022900
47,97203544;1,19077100;1,44608900
48,01299544;1,19077100;1,40995500
48,05395544;1,19077100;1,33768700
48,09491544;1,20914300;1,28354800
48,13587544;1,20914300;1,21128000
48,17683544;1,20914300;1,13907300
48,21779544;1,20914300;1,06680500
48,25875544;1,19077100;1,01260400
48,29971544;1,19077100;0,94039730
48,34067544;1,19077100;0,86812950
48,38163544;1,17239900;0,79592280
48,42259544;1,15402700;0,74172190
48,46355544;1,13565500;0,66945400
48,50451544;1,11728300;0,61531420
48,54547544;1,09891000;0,56111330
48,58643544;1,06216600;0,50691250
48,62739544;1,06216600;0,47083960
48,66835544;1,04379400;0,41663870
48,70931544;1,00705000;0,38050480
48,75027544;0,98867760;0,34437090
48,79123544;0,97030550;0,34437090
48,83219544;0,95193330;0,32636490
48,87315544;0,91518910;0,32636490
48,91411544;0,89681690;0,30829800
48,95507544;0,87844480;0,32636490
48,99603544;0,86007260;0,34437090
49,03699544;0,84170050;0,36243780
49,07795543;0,82332840;0,38050480
49,11891543;0,80495620;0,41663870
49,15987543;0,80495620;0,45277260
49,20083543;0,76821190;0,50691250
49,24179543;0,76821190;0,54304640
49,28275543;0,76821190;0,59724720
49,32371543;0,76821190;0,65144810
49,36467543;0,74983980;0,72365490
49,40563543;0,76821190;0,79592280
49,44659543;0,74983980;0,86812950
49,48755543;0,76821190;0,92233040
49,52851543;0,76821190;0,99453720
49,56947543;0,76821190;1,06680500
49,61043543;0,78658410;1,13907300
49,65139543;0,80495620;1,19321300
49,69235543;0,82332840;1,26548100
49,73331543;0,84170050;1,31968100
49,77427543;0,86007260;1,40995500
49,81523543;0,89681690;1,44608900
49,85619543;0,89681690;1,50022900
49,89715543;0,91518910;1,53636300
49,93811543;0,93356120;1,57249700
49,97907543;0,97030550;1,60863100
50,02003543;0,98867760;1,64476500
