Temps;Canal B
(ms);(V)

-488,85291815;2,38502100
-488,52523815;2,38502100
-488,19755815;2,38502100
-487,86987815;2,38502100
-487,54219816;2,38502100
-487,21451816;2,38502100
-486,88683816;2,38502100
-486,55915816;2,38502100
-486,23147816;2,38502100
-485,90379817;2,38502100
-485,57611817;2,38502100
-485,24843817;2,38502100
-484,92075817;2,38502100
-484,59307817;2,42988400
-484,26539818;2,38502100
-483,93771818;2,38502100
-483,61003818;2,42988400
-483,28235818;2,38502100
-482,95467818;2,38502100
-482,62699819;2,38502100
-482,29931819;2,38502100
-481,97163819;2,38502100
-481,64395819;2,38502100
-481,31627819;2,38502100
-480,98859820;2,38502100
-480,66091820;2,38502100
-480,33323820;2,38502100
-480,00555820;2,38502100
-479,67787820;2,38502100
-479,35019821;2,38502100
-479,02251821;2,38502100
-478,69483821;2,38502100
-478,36715821;2,38502100
-478,03947821;2,38502100
-477,71179822;2,38502100
-477,38411822;2,38502100
-477,05643822;2,38502100
-476,72875822;2,38502100
-476,40107822;2,38502100
-476,07339823;2,38502100
-475,74571823;2,42988400
-475,41803823;2,38502100
-475,09035823;2,38502100
-474,76267823;2,38502100
-474,43499824;2,38502100
-474,10731824;2,38502100
-473,77963824;2,38502100
-473,45195824;2,38502100
-473,12427824;2,42988400
-472,79659825;2,38502100
-472,46891825;2,38502100
-472,14123825;2,38502100
-471,81355825;2,38502100
-471,48587825;2,38502100
-471,15819826;2,38502100
-470,83051826;2,38502100
-470,50283826;2,38502100
-470,17515826;2,38502100
-469,84747826;2,38502100
-469,51979827;2,38502100
-469,19211827;2,38502100
-468,86443827;2,38502100
-468,53675827;2,38502100
-468,20907827;2,38502100
-467,88139828;2,38502100
-467,55371828;2,38502100
-467,22603828;2,38502100
-466,89835828;2,38502100
-466,57067828;2,38502100
-466,24299829;2,38502100
-465,91531829;2,38502100
-465,58763829;2,38502100
-465,25995829;2,42988400
-464,93227829;2,38502100
-464,60459830;2,38502100
-464,27691830;2,38502100
-463,94923830;2,38502100
-463,62155830;2,38502100
-463,29387830;2,38502100
-462,96619831;2,38502100
-462,63851831;2,38502100
-462,31083831;2,38502100
-461,98315831;2,38502100
-461,65547831;2,38502100
-461,32779832;2,38502100
-461,00011832;2,38502100
-460,67243832;2,42988400
-460,34475832;2,38502100
-460,01707832;2,38502100
-459,68939833;2,38502100
-459,36171833;2,38502100
-459,03403833;2,38502100
-458,70635833;2,38502100
-458,37867833;2,38502100
-458,05099834;2,38502100
-457,72331834;2,38502100
-457,39563834;2,38502100
-457,06795834;2,38502100
-456,74027834;2,38502100
-456,41259835;2,38502100
-456,08491835;2,38502100
-455,75723835;2,38502100
-455,42955835;2,38502100
-455,10187835;2,38502100
-454,77419836;2,38502100
-454,44651836;2,38502100
-454,11883836;2,38502100
-453,79115836;2,38502100
-453,46347836;2,38502100
-453,13579837;2,38502100
-452,80811837;2,42988400
-452,48043837;2,38502100
-452,15275837;2,42988400
-451,82507837;2,38502100
-451,49739838;2,38502100
-451,16971838;2,38502100
-450,84203838;2,38502100
-450,51435838;2,38502100
-450,18667838;2,38502100
-449,85899839;2,38502100
-449,53131839;2,38502100
-449,20363839;2,38502100
-448,87595839;2,38502100
-448,54827839;2,38502100
-448,22059839;2,38502100
-447,89291840;2,42988400
-447,56523840;2,38502100
-447,23755840;2,38502100
-446,90987840;2,38502100
-446,58219840;2,38502100
-446,25451841;2,38502100
-445,92683841;2,38502100
-445,59915841;2,38502100
-445,27147841;2,38502100
-444,94379841;2,38502100
-444,61611842;2,38502100
-444,28843842;2,38502100
-443,96075842;2,38502100
-443,63307842;2,38502100
-443,30539842;2,38502100
-442,97771843;2,38502100
-442,65003843;2,38502100
-442,32235843;2,38502100
-441,99467843;2,38502100
-441,66699843;2,38502100
-441,33931844;2,38502100
-441,01163844;2,38502100
-440,68395844;2,38502100
-440,35627844;2,38502100
-440,02859844;2,38502100
-439,70091845;2,38502100
-439,37323845;2,38502100
-439,04555845;2,38502100
-438,71787845;2,42988400
-438,39019845;2,38502100
-438,06251846;2,38502100
-437,73483846;2,38502100
-437,40715846;2,38502100
-437,07947846;2,38502100
-436,75179846;2,38502100
-436,42411847;2,38502100
-436,09643847;2,38502100
-435,76875847;2,38502100
-435,44107847;2,38502100
-435,11339847;2,38502100
-434,78571848;2,38502100
-434,45803848;2,38502100
-434,13035848;2,38502100
-433,80267848;2,38502100
-433,47499848;2,38502100
-433,14731849;2,38502100
-432,81963849;2,38502100
-432,49195849;2,38502100
-432,16427849;2,38502100
-431,83659849;2,38502100
-431,50891850;2,38502100
-431,18123850;2,38502100
-430,85355850;2,38502100
-430,52587850;2,38502100
-430,19819850;2,38502100
-429,87051851;2,38502100
-429,54283851;2,38502100
-429,21515851;2,38502100
-428,88747851;2,38502100
-428,55979851;2,38502100
-428,23211852;2,42988400
-427,90443852;2,38502100
-427,57675852;2,38502100
-427,24907852;2,38502100
-426,92139852;2,38502100
-426,59371853;2,38502100
-426,26603853;2,38502100
-425,93835853;2,38502100
-425,61067853;2,38502100
-425,28299853;2,38502100
-424,95531854;2,38502100
-424,62763854;2,38502100
-424,29995854;2,38502100
-423,97227854;2,38502100
-423,64459854;2,38502100
-423,31691855;2,38502100
-422,98923855;2,38502100
-422,66155855;2,38502100
-422,33387855;2,38502100
-422,00619855;2,38502100
-421,67851856;2,38502100
-421,35083856;2,38502100
-421,02315856;2,38502100
-420,69547856;2,38502100
-420,36779856;2,38502100
-420,04011857;2,38502100
-419,71243857;2,38502100
-419,38475857;2,38502100
-419,05707857;2,38502100
-418,72939857;2,38502100
-418,40171858;2,38502100
-418,07403858;2,38502100
-417,74635858;2,38502100
-417,41867858;2,38502100
-417,09099858;2,38502100
-416,76331859;2,38502100
-416,43563859;2,38502100
-416,10795859;2,38502100
-415,78027859;2,38502100
-415,45259859;2,38502100
-415,12491860;2,38502100
-414,79723860;2,38502100
-414,46955860;2,38502100
-414,14187860;2,38502100
-413,81419860;2,38502100
-413,48651861;2,38502100
-413,15883861;2,38502100
-412,83115861;2,38502100
-412,50347861;2,38502100
-412,17579861;2,42988400
-411,84811862;2,38502100
-411,52043862;2,38502100
-411,19275862;2,38502100
-410,86507862;2,38502100
-410,53739862;2,38502100
-410,20971863;2,38502100
-409,88203863;2,38502100
-409,55435863;2,38502100
-409,22667863;2,38502100
-408,89899863;2,42988400
-408,57131864;2,38502100
-408,24363864;2,38502100
-407,91595864;2,38502100
-407,58827864;2,38502100
-407,26059864;2,38502100
-406,93291865;2,38502100
-406,60523865;2,38502100
-406,27755865;2,38502100
-405,94987865;2,38502100
-405,62219865;2,38502100
-405,29451866;2,38502100
-404,96683866;2,38502100
-404,63915866;2,38502100
-404,31147866;2,38502100
-403,98379866;2,38502100
-403,65611867;2,38502100
-403,32843867;2,38502100
-403,00075867;2,38502100
-402,67307867;2,38502100
-402,34539867;2,38502100
-402,01771868;2,38502100
-401,69003868;2,38502100
-401,36235868;2,38502100
-401,03467868;2,38502100
-400,70699868;2,38502100
-400,37931869;2,38502100
-400,05163869;2,38502100
-399,72395869;2,38502100
-399,39627869;2,38502100
-399,06859869;2,38502100
-398,74091870;2,42988400
-398,41323870;2,38502100
-398,08555870;2,38502100
-397,75787870;2,38502100
-397,43019870;2,38502100
-397,10251871;2,38502100
-396,77483871;2,38502100
-396,44715871;2,38502100
-396,11947871;2,38502100
-395,79179871;2,38502100
-395,46411872;2,38502100
-395,13643872;2,38502100
-394,80875872;2,38502100
-394,48107872;2,38502100
-394,15339872;2,38502100
-393,82571873;2,38502100
-393,49803873;2,38502100
-393,17035873;2,38502100
-392,84267873;2,38502100
-392,51499873;2,38502100
-392,18731874;2,38502100
-391,85963874;2,38502100
-391,53195874;2,38502100
-391,20427874;2,38502100
-390,87659874;2,38502100
-390,54891875;2,42988400
-390,22123875;2,38502100
-389,89355875;2,38502100
-389,56587875;2,38502100
-389,23819875;2,38502100
-388,91051876;2,38502100
-388,58283876;2,38502100
-388,25515876;2,38502100
-387,92747876;2,38502100
-387,59979876;2,38502100
-387,27211877;2,38502100
-386,94443877;2,38502100
-386,61675877;2,38502100
-386,28907877;2,38502100
-385,96139877;2,38502100
-385,63371878;2,38502100
-385,30603878;2,38502100
-384,97835878;2,38502100
-384,65067878;2,38502100
-384,32299878;2,38502100
-383,99531879;2,38502100
-383,66763879;2,38502100
-383,33995879;2,38502100
-383,01227879;2,38502100
-382,68459879;2,38502100
-382,35691880;2,38502100
-382,02923880;2,38502100
-381,70155880;2,38502100
-381,37387880;2,38502100
-381,04619880;2,38502100
-380,71851881;2,38502100
-380,39083881;2,38502100
-380,06315881;2,38502100
-379,73547881;2,38502100
-379,40779881;2,38502100
-379,08011882;2,38502100
-378,75243882;2,38502100
-378,42475882;2,38502100
-378,09707882;2,38502100
-377,76939882;2,38502100
-377,44171883;2,38502100
-377,11403883;2,38502100
-376,78635883;2,38502100
-376,45867883;2,38502100
-376,13099883;2,38502100
-375,80331884;2,38502100
-375,47563884;2,38502100
-375,14795884;2,38502100
-374,82027884;2,38502100
-374,49259884;2,38502100
-374,16491885;2,38502100
-373,83723885;2,38502100
-373,50955885;2,38502100
-373,18187885;2,38502100
-372,85419885;2,38502100
-372,52651886;2,38502100
-372,19883886;2,38502100
-371,87115886;2,38502100
-371,54347886;2,38502100
-371,21579886;2,38502100
-370,88811886;2,38502100
-370,56043887;2,38502100
-370,23275887;2,38502100
-369,90507887;2,38502100
-369,57739887;2,38502100
-369,24971887;2,38502100
-368,92203888;2,38502100
-368,59435888;2,38502100
-368,26667888;2,38502100
-367,93899888;2,38502100
-367,61131888;2,38502100
-367,28363889;2,38502100
-366,95595889;2,38502100
-366,62827889;2,38502100
-366,30059889;2,38502100
-365,97291889;2,38502100
-365,64523890;2,38502100
-365,31755890;2,38502100
-364,98987890;2,42988400
-364,66219890;2,38502100
-364,33451890;2,38502100
-364,00683891;2,38502100
-363,67915891;2,38502100
-363,35147891;2,38502100
-363,02379891;2,38502100
-362,69611891;2,38502100
-362,36843892;2,38502100
-362,04075892;2,38502100
-361,71307892;2,38502100
-361,38539892;2,38502100
-361,05771892;2,38502100
-360,73003893;2,38502100
-360,40235893;2,38502100
-360,07467893;2,38502100
-359,74699893;2,38502100
-359,41931893;2,38502100
-359,09163894;2,38502100
-358,76395894;2,38502100
-358,43627894;2,38502100
-358,10859894;2,38502100
-357,78091894;2,38502100
-357,45323895;2,38502100
-357,12555895;2,38502100
-356,79787895;2,38502100
-356,47019895;2,38502100
-356,14251895;2,38502100
-355,81483896;2,38502100
-355,48715896;2,38502100
-355,15947896;2,38502100
-354,83179896;2,38502100
-354,50411896;2,38502100
-354,17643897;2,38502100
-353,84875897;2,42988400
-353,52107897;2,38502100
-353,19339897;2,38502100
-352,86571897;2,38502100
-352,53803898;2,38502100
-352,21035898;2,38502100
-351,88267898;2,38502100
-351,55499898;2,38502100
-351,22731898;2,38502100
-350,89963899;2,38502100
-350,57195899;2,38502100
-350,24427899;2,38502100
-349,91659899;2,38502100
-349,58891899;2,38502100
-349,26123900;2,38502100
-348,93355900;2,38502100
-348,60587900;2,38502100
-348,27819900;2,38502100
-347,95051900;2,38502100
-347,62283901;2,38502100
-347,29515901;2,38502100
-346,96747901;2,38502100
-346,63979901;2,38502100
-346,31211901;2,38502100
-345,98443902;2,38502100
-345,65675902;2,38502100
-345,32907902;2,38502100
-345,00139902;2,38502100
-344,67371902;2,38502100
-344,34603903;2,38502100
-344,01835903;2,38502100
-343,69067903;2,38502100
-343,36299903;2,38502100
-343,03531903;2,38502100
-342,70763904;2,42988400
-342,37995904;2,38502100
-342,05227904;2,38502100
-341,72459904;2,38502100
-341,39691904;2,38502100
-341,06923905;2,38502100
-340,74155905;2,38502100
-340,41387905;2,38502100
-340,08619905;2,38502100
-339,75851905;2,38502100
-339,43083906;2,38502100
-339,10315906;2,38502100
-338,77547906;2,38502100
-338,44779906;2,38502100
-338,12011906;2,38502100
-337,79243907;2,38502100
-337,46475907;2,38502100
-337,13707907;2,38502100
-336,80939907;2,38502100
-336,48171907;2,38502100
-336,15403908;2,38502100
-335,82635908;2,42988400
-335,49867908;2,38502100
-335,17099908;2,38502100
-334,84331908;2,38502100
-334,51563909;2,38502100
-334,18795909;2,38502100
-333,86027909;2,38502100
-333,53259909;2,38502100
-333,20491909;2,38502100
-332,87723910;2,38502100
-332,54955910;2,38502100
-332,22187910;2,38502100
-331,89419910;2,38502100
-331,56651910;2,38502100
-331,23883911;2,38502100
-330,91115911;2,38502100
-330,58347911;2,38502100
-330,25579911;2,38502100
-329,92811911;2,38502100
-329,60043912;2,38502100
-329,27275912;2,38502100
-328,94507912;2,38502100
-328,61739912;2,38502100
-328,28971912;2,38502100
-327,96203913;2,38502100
-327,63435913;2,38502100
-327,30667913;2,38502100
-326,97899913;2,38502100
-326,65131913;2,38502100
-326,32363914;2,38502100
-325,99595914;2,38502100
-325,66827914;2,38502100
-325,34059914;2,38502100
-325,01291914;2,38502100
-324,68523915;2,38502100
-324,35755915;2,38502100
-324,02987915;2,38502100
-323,70219915;2,38502100
-323,37451915;2,38502100
-323,04683916;2,38502100
-322,71915916;2,38502100
-322,39147916;2,38502100
-322,06379916;2,38502100
-321,73611916;2,38502100
-321,40843917;2,38502100
-321,08075917;2,38502100
-320,75307917;2,38502100
-320,42539917;2,38502100
-320,09771917;2,38502100
-319,77003918;2,38502100
-319,44235918;2,38502100
-319,11467918;2,38502100
-318,78699918;2,38502100
-318,45931918;2,38502100
-318,13163919;2,38502100
-317,80395919;2,38502100
-317,47627919;2,38502100
-317,14859919;2,38502100
-316,82091919;2,38502100
-316,49323920;2,42988400
-316,16555920;2,38502100
-315,83787920;2,38502100
-315,51019920;2,42988400
-315,18251920;2,38502100
-314,85483921;2,38502100
-314,52715921;2,38502100
-314,19947921;2,38502100
-313,87179921;2,38502100
-313,54411921;2,38502100
-313,21643922;2,42988400
-312,88875922;2,38502100
-312,56107922;2,38502100
-312,23339922;2,38502100
-311,90571922;2,38502100
-311,57803923;2,38502100
-311,25035923;2,38502100
-310,92267923;2,38502100
-310,59499923;2,38502100
-310,26731923;2,38502100
-309,93963924;2,38502100
-309,61195924;2,38502100
-309,28427924;2,38502100
-308,95659924;2,38502100
-308,62891924;2,38502100
-308,30123925;2,38502100
-307,97355925;2,38502100
-307,64587925;2,38502100
-307,31819925;2,38502100
-306,99051925;2,38502100
-306,66283926;2,38502100
-306,33515926;2,38502100
-306,00747926;2,38502100
-305,67979926;2,38502100
-305,35211926;2,38502100
-305,02443927;2,38502100
-304,69675927;2,38502100
-304,36907927;2,38502100
-304,04139927;2,38502100
-303,71371927;2,38502100
-303,38603928;2,38502100
-303,05835928;2,38502100
-302,73067928;2,38502100
-302,40299928;2,38502100
-302,07531928;2,38502100
-301,74763929;2,38502100
-301,41995929;2,42988400
-301,09227929;2,38502100
-300,76459929;2,42988400
-300,43691929;2,38502100
-300,10923930;2,38502100
-299,78155930;2,38502100
-299,45387930;2,38502100
-299,12619930;2,38502100
-298,79851930;2,38502100
-298,47083931;2,38502100
-298,14315931;2,38502100
-297,81547931;2,38502100
-297,48779931;2,38502100
-297,16011931;2,42988400
-296,83243932;2,38502100
-296,50475932;2,38502100
-296,17707932;2,38502100
-295,84939932;2,38502100
-295,52171932;2,38502100
-295,19403932;2,38502100
-294,86635933;2,38502100
-294,53867933;2,38502100
-294,21099933;2,38502100
-293,88331933;2,38502100
-293,55563933;2,38502100
-293,22795934;2,38502100
-292,90027934;2,38502100
-292,57259934;2,38502100
-292,24491934;2,38502100
-291,91723934;2,38502100
-291,58955935;2,38502100
-291,26187935;2,38502100
-290,93419935;2,38502100
-290,60651935;2,38502100
-290,27883935;2,38502100
-289,95115936;2,38502100
-289,62347936;2,38502100
-289,29579936;2,38502100
-288,96811936;2,38502100
-288,64043936;2,38502100
-288,31275937;2,38502100
-287,98507937;2,38502100
-287,65739937;2,38502100
-287,32971937;2,38502100
-287,00203937;2,38502100
-286,67435938;2,42988400
-286,34667938;2,38502100
-286,01899938;2,38502100
-285,69131938;2,38502100
-285,36363938;2,38502100
-285,03595939;2,38502100
-284,70827939;2,38502100
-284,38059939;2,38502100
-284,05291939;2,38502100
-283,72523939;2,38502100
-283,39755940;2,38502100
-283,06987940;2,38502100
-282,74219940;2,38502100
-282,41451940;2,38502100
-282,08683940;2,38502100
-281,75915941;2,38502100
-281,43147941;2,38502100
-281,10379941;2,38502100
-280,77611941;2,38502100
-280,44843941;2,38502100
-280,12075942;2,38502100
-279,79307942;2,38502100
-279,46539942;2,38502100
-279,13771942;2,38502100
-278,81003942;2,38502100
-278,48235943;2,38502100
-278,15467943;2,38502100
-277,82699943;2,38502100
-277,49931943;2,38502100
-277,17163943;2,38502100
-276,84395944;2,38502100
-276,51627944;2,38502100
-276,18859944;2,38502100
-275,86091944;2,38502100
-275,53323944;2,38502100
-275,20555945;2,38502100
-274,87787945;2,38502100
-274,55019945;2,38502100
-274,22251945;2,38502100
-273,89483945;2,38502100
-273,56715946;2,38502100
-273,23947946;2,38502100
-272,91179946;2,38502100
-272,58411946;2,38502100
-272,25643946;2,38502100
-271,92875947;2,38502100
-271,60107947;2,42988400
-271,27339947;2,38502100
-270,94571947;2,38502100
-270,61803947;2,38502100
-270,29035948;2,38502100
-269,96267948;2,38502100
-269,63499948;2,38502100
-269,30731948;2,38502100
-268,97963948;2,38502100
-268,65195949;2,38502100
-268,32427949;2,38502100
-267,99659949;2,38502100
-267,66891949;2,38502100
-267,34123949;2,38502100
-267,01355950;2,38502100
-266,68587950;2,38502100
-266,35819950;2,38502100
-266,03051950;2,38502100
-265,70283950;2,38502100
-265,37515951;2,38502100
-265,04747951;2,38502100
-264,71979951;2,38502100
-264,39211951;2,38502100
-264,06443951;2,38502100
-263,73675952;2,38502100
-263,40907952;2,38502100
-263,08139952;2,38502100
-262,75371952;2,38502100
-262,42603952;2,38502100
-262,09835953;2,38502100
-261,77067953;2,38502100
-261,44299953;2,38502100
-261,11531953;2,38502100
-260,78763953;2,38502100
-260,45995954;2,38502100
-260,13227954;2,38502100
-259,80459954;2,38502100
-259,47691954;2,38502100
-259,14923954;2,38502100
-258,82155955;2,38502100
-258,49387955;2,38502100
-258,16619955;2,38502100
-257,83851955;2,38502100
-257,51083955;2,38502100
-257,18315956;2,38502100
-256,85547956;2,38502100
-256,52779956;2,38502100
-256,20011956;2,38502100
-255,87243956;2,38502100
-255,54475957;2,38502100
-255,21707957;2,38502100
-254,88939957;2,38502100
-254,56171957;2,38502100
-254,23403957;2,38502100
-253,90635958;2,38502100
-253,57867958;2,38502100
-253,25099958;2,38502100
-252,92331958;2,42988400
-252,59563958;2,38502100
-252,26795959;2,42988400
-251,94027959;2,38502100
-251,61259959;2,38502100
-251,28491959;2,38502100
-250,95723959;2,38502100
-250,62955960;2,38502100
-250,30187960;2,38502100
-249,97419960;2,38502100
-249,64651960;2,38502100
-249,31883960;2,38502100
-248,99115961;2,38502100
-248,66347961;2,38502100
-248,33579961;2,38502100
-248,00811961;2,38502100
-247,68043961;2,38502100
-247,35275962;2,38502100
-247,02507962;2,38502100
-246,69739962;2,38502100
-246,36971962;2,38502100
-246,04203962;2,38502100
-245,71435963;2,38502100
-245,38667963;2,38502100
-245,05899963;2,42988400
-244,73131963;2,38502100
-244,40363963;2,38502100
-244,07595964;2,38502100
-243,74827964;2,38502100
-243,42059964;2,38502100
-243,09291964;2,38502100
-242,76523964;2,38502100
-242,43755965;2,38502100
-242,10987965;2,38502100
-241,78219965;2,38502100
-241,45451965;2,38502100
-241,12683965;2,38502100
-240,79915966;2,38502100
-240,47147966;2,38502100
-240,14379966;2,38502100
-239,81611966;2,38502100
-239,48843966;2,38502100
-239,16075967;2,38502100
-238,83307967;2,38502100
-238,50539967;2,38502100
-238,17771967;2,38502100
-237,85003967;2,38502100
-237,52235968;2,38502100
-237,19467968;2,38502100
-236,86699968;2,38502100
-236,53931968;2,38502100
-236,21163968;2,38502100
-235,88395969;2,38502100
-235,55627969;2,42988400
-235,22859969;2,38502100
-234,90091969;2,38502100
-234,57323969;2,38502100
-234,24555970;2,38502100
-233,91787970;2,38502100
-233,59019970;2,38502100
-233,26251970;2,42988400
-232,93483970;2,38502100
-232,60715971;2,38502100
-232,27947971;2,38502100
-231,95179971;2,38502100
-231,62411971;2,38502100
-231,29643971;2,38502100
-230,96875972;2,38502100
-230,64107972;2,38502100
-230,31339972;2,38502100
-229,98571972;2,38502100
-229,65803972;2,38502100
-229,33035973;2,38502100
-229,00267973;2,38502100
-228,67499973;2,38502100
-228,34731973;2,38502100
-228,01963973;2,38502100
-227,69195974;2,38502100
-227,36427974;2,38502100
-227,03659974;2,38502100
-226,70891974;2,38502100
-226,38123974;2,38502100
-226,05355975;2,38502100
-225,72587975;2,38502100
-225,39819975;2,38502100
-225,07051975;2,42988400
-224,74283975;2,38502100
-224,41515976;2,38502100
-224,08747976;2,38502100
-223,75979976;2,38502100
-223,43211976;2,38502100
-223,10443976;2,38502100
-222,77675977;2,38502100
-222,44907977;2,38502100
-222,12139977;2,38502100
-221,79371977;2,38502100
-221,46603977;2,38502100
-221,13835978;2,38502100
-220,81067978;2,38502100
-220,48299978;2,38502100
-220,15531978;2,38502100
-219,82763978;2,38502100
-219,49995979;2,42988400
-219,17227979;2,38502100
-218,84459979;2,38502100
-218,51691979;2,38502100
-218,18923979;2,38502100
-217,86155979;2,38502100
-217,53387980;2,38502100
-217,20619980;2,38502100
-216,87851980;2,38502100
-216,55083980;2,38502100
-216,22315980;2,38502100
-215,89547981;2,38502100
-215,56779981;2,38502100
-215,24011981;2,38502100
-214,91243981;2,38502100
-214,58475981;2,38502100
-214,25707982;2,38502100
-213,92939982;2,38502100
-213,60171982;2,38502100
-213,27403982;2,38502100
-212,94635982;2,38502100
-212,61867983;2,38502100
-212,29099983;2,38502100
-211,96331983;2,38502100
-211,63563983;2,38502100
-211,30795983;2,38502100
-210,98027984;2,38502100
-210,65259984;2,38502100
-210,32491984;2,38502100
-209,99723984;2,38502100
-209,66955984;2,42988400
-209,34187985;2,38502100
-209,01419985;2,38502100
-208,68651985;2,38502100
-208,35883985;2,38502100
-208,03115985;2,38502100
-207,70347986;2,38502100
-207,37579986;2,38502100
-207,04811986;2,38502100
-206,72043986;2,38502100
-206,39275986;2,38502100
-206,06507987;2,38502100
-205,73739987;2,38502100
-205,40971987;2,38502100
-205,08203987;2,38502100
-204,75435987;2,38502100
-204,42667988;2,38502100
-204,09899988;2,38502100
-203,77131988;2,38502100
-203,44363988;2,38502100
-203,11595988;2,38502100
-202,78827989;2,38502100
-202,46059989;2,38502100
-202,13291989;2,38502100
-201,80523989;2,38502100
-201,47755989;2,38502100
-201,14987990;2,38502100
-200,82219990;2,38502100
-200,49451990;2,38502100
-200,16683990;2,38502100
-199,83915990;2,38502100
-199,51147991;2,38502100
-199,18379991;2,38502100
-198,85611991;2,38502100
-198,52843991;2,42988400
-198,20075991;2,38502100
-197,87307992;2,38502100
-197,54539992;2,38502100
-197,21771992;2,38502100
-196,89003992;2,38502100
-196,56235992;2,38502100
-196,23467993;2,38502100
-195,90699993;2,38502100
-195,57931993;2,38502100
-195,25163993;2,38502100
-194,92395993;2,38502100
-194,59627994;2,38502100
-194,26859994;2,38502100
-193,94091994;2,38502100
-193,61323994;2,38502100
-193,28555994;2,38502100
-192,95787995;2,38502100
-192,63019995;2,42988400
-192,30251995;2,38502100
-191,97483995;2,38502100
-191,64715995;2,38502100
-191,31947996;2,38502100
-190,99179996;2,38502100
-190,66411996;2,38502100
-190,33643996;2,38502100
-190,00875996;2,42988400
-189,68107997;2,38502100
-189,35339997;2,38502100
-189,02571997;2,38502100
-188,69803997;2,42988400
-188,37035997;2,38502100
-188,04267998;2,38502100
-187,71499998;2,38502100
-187,38731998;2,38502100
-187,05963998;2,38502100
-186,73195998;2,38502100
-186,40427999;2,38502100
-186,07659999;2,38502100
-185,74891999;2,38502100
-185,42123999;2,42988400
-185,09355999;2,38502100
-184,76588000;2,38502100
-184,43820000;2,38502100
-184,11052000;2,38502100
-183,78284000;2,38502100
-183,45516000;2,38502100
-183,12748001;2,38502100
-182,79980001;2,38502100
-182,47212001;2,38502100
-182,14444001;2,38502100
-181,81676001;2,38502100
-181,48908002;2,38502100
-181,16140002;2,38502100
-180,83372002;2,38502100
-180,50604002;2,38502100
-180,17836002;2,38502100
-179,85068003;2,38502100
-179,52300003;2,38502100
-179,19532003;2,38502100
-178,86764003;2,38502100
-178,53996003;2,38502100
-178,21228004;2,38502100
-177,88460004;2,38502100
-177,55692004;2,38502100
-177,22924004;2,38502100
-176,90156004;2,38502100
-176,57388005;2,38502100
-176,24620005;2,38502100
-175,91852005;2,38502100
-175,59084005;2,38502100
-175,26316005;2,38502100
-174,93548006;2,38502100
-174,60780006;2,38502100
-174,28012006;2,38502100
-173,95244006;2,38502100
-173,62476006;2,38502100
-173,29708007;2,38502100
-172,96940007;2,38502100
-172,64172007;2,38502100
-172,31404007;2,38502100
-171,98636007;2,38502100
-171,65868008;2,38502100
-171,33100008;2,38502100
-171,00332008;2,38502100
-170,67564008;2,38502100
-170,34796008;2,38502100
-170,02028009;2,38502100
-169,69260009;2,38502100
-169,36492009;2,38502100
-169,03724009;2,38502100
-168,70956009;2,38502100
-168,38188010;2,38502100
-168,05420010;2,38502100
-167,72652010;2,38502100
-167,39884010;2,38502100
-167,07116010;2,38502100
-166,74348011;2,38502100
-166,41580011;2,38502100
-166,08812011;2,38502100
-165,76044011;2,38502100
-165,43276011;2,38502100
-165,10508012;2,38502100
-164,77740012;2,38502100
-164,44972012;2,38502100
-164,12204012;2,38502100
-163,79436012;2,38502100
-163,46668013;2,38502100
-163,13900013;2,38502100
-162,81132013;2,38502100
-162,48364013;2,38502100
-162,15596013;2,38502100
-161,82828014;2,38502100
-161,50060014;2,38502100
-161,17292014;2,38502100
-160,84524014;2,38502100
-160,51756014;2,38502100
-160,18988015;2,38502100
-159,86220015;2,38502100
-159,53452015;2,38502100
-159,20684015;2,38502100
-158,87916015;2,38502100
-158,55148016;2,38502100
-158,22380016;2,38502100
-157,89612016;2,42988400
-157,56844016;2,38502100
-157,24076016;2,38502100
-156,91308017;2,38502100
-156,58540017;2,38502100
-156,25772017;2,38502100
-155,93004017;2,38502100
-155,60236017;2,38502100
-155,27468018;2,38502100
-154,94700018;2,38502100
-154,61932018;2,38502100
-154,29164018;2,38502100
-153,96396018;2,38502100
-153,63628019;2,38502100
-153,30860019;2,38502100
-152,98092019;2,38502100
-152,65324019;2,38502100
-152,32556019;2,38502100
-151,99788020;2,38502100
-151,67020020;2,38502100
-151,34252020;2,38502100
-151,01484020;2,38502100
-150,68716020;2,38502100
-150,35948021;2,38502100
-150,03180021;2,38502100
-149,70412021;2,38502100
-149,37644021;2,38502100
-149,04876021;2,38502100
-148,72108022;2,38502100
-148,39340022;2,38502100
-148,06572022;2,42988400
-147,73804022;2,38502100
-147,41036022;2,38502100
-147,08268023;2,38502100
-146,75500023;2,38502100
-146,42732023;2,38502100
-146,09964023;2,38502100
-145,77196023;2,38502100
-145,44428024;2,38502100
-145,11660024;2,38502100
-144,78892024;2,38502100
-144,46124024;2,38502100
-144,13356024;2,38502100
-143,80588025;2,38502100
-143,47820025;2,38502100
-143,15052025;2,38502100
-142,82284025;2,38502100
-142,49516025;2,38502100
-142,16748026;2,38502100
-141,83980026;2,38502100
-141,51212026;2,42988400
-141,18444026;2,38502100
-140,85676026;2,38502100
-140,52908026;2,38502100
-140,20140027;2,38502100
-139,87372027;2,38502100
-139,54604027;2,38502100
-139,21836027;2,38502100
-138,89068027;2,38502100
-138,56300028;2,38502100
-138,23532028;2,38502100
-137,90764028;2,38502100
-137,57996028;2,38502100
-137,25228028;2,38502100
-136,92460029;2,38502100
-136,59692029;2,38502100
-136,26924029;2,38502100
-135,94156029;2,38502100
-135,61388029;2,38502100
-135,28620030;2,38502100
-134,95852030;2,38502100
-134,63084030;2,38502100
-134,30316030;2,38502100
-133,97548030;2,38502100
-133,64780031;2,38502100
-133,32012031;2,38502100
-132,99244031;2,38502100
-132,66476031;2,38502100
-132,33708031;2,38502100
-132,00940032;2,38502100
-131,68172032;2,42988400
-131,35404032;2,38502100
-131,02636032;2,38502100
-130,69868032;2,38502100
-130,37100033;2,38502100
-130,04332033;2,38502100
-129,71564033;2,38502100
-129,38796033;2,42988400
-129,06028033;2,38502100
-128,73260034;2,38502100
-128,40492034;2,38502100
-128,07724034;2,38502100
-127,74956034;2,38502100
-127,42188034;2,38502100
-127,09420035;2,38502100
-126,76652035;2,38502100
-126,43884035;2,38502100
-126,11116035;2,38502100
-125,78348035;2,38502100
-125,45580036;2,38502100
-125,12812036;2,38502100
-124,80044036;2,38502100
-124,47276036;2,38502100
-124,14508036;2,38502100
-123,81740037;2,38502100
-123,48972037;2,42988400
-123,16204037;2,38502100
-122,83436037;2,38502100
-122,50668037;2,38502100
-122,17900038;2,38502100
-121,85132038;2,38502100
-121,52364038;2,38502100
-121,19596038;2,38502100
-120,86828038;2,38502100
-120,54060039;2,38502100
-120,21292039;2,38502100
-119,88524039;2,38502100
-119,55756039;2,38502100
-119,22988039;2,38502100
-118,90220040;2,38502100
-118,57452040;2,38502100
-118,24684040;2,38502100
-117,91916040;2,38502100
-117,59148040;2,38502100
-117,26380041;2,38502100
-116,93612041;2,38502100
-116,60844041;2,38502100
-116,28076041;2,38502100
-115,95308041;2,38502100
-115,62540042;2,38502100
-115,29772042;2,38502100
-114,97004042;2,38502100
-114,64236042;2,38502100
-114,31468042;2,38502100
-113,98700043;2,38502100
-113,65932043;2,38502100
-113,33164043;2,38502100
-113,00396043;2,38502100
-112,67628043;2,38502100
-112,34860044;2,38502100
-112,02092044;2,38502100
-111,69324044;2,38502100
-111,36556044;2,42988400
-111,03788044;2,38502100
-110,71020045;2,38502100
-110,38252045;2,38502100
-110,05484045;2,42988400
-109,72716045;2,38502100
-109,39948045;2,38502100
-109,07180046;2,38502100
-108,74412046;2,38502100
-108,41644046;2,38502100
-108,08876046;2,38502100
-107,76108046;2,38502100
-107,43340047;2,38502100
-107,10572047;2,38502100
-106,77804047;2,42988400
-106,45036047;2,38502100
-106,12268047;2,38502100
-105,79500048;2,38502100
-105,46732048;2,38502100
-105,13964048;2,38502100
-104,81196048;2,38502100
-104,48428048;2,38502100
-104,15660049;2,38502100
-103,82892049;2,38502100
-103,50124049;2,38502100
-103,17356049;2,38502100
-102,84588049;2,38502100
-102,51820050;2,38502100
-102,19052050;2,38502100
-101,86284050;2,38502100
-101,53516050;2,38502100
-101,20748050;2,38502100
-100,87980051;2,38502100
-100,55212051;2,38502100
-100,22444051;2,38502100
-99,89676051;2,38502100
-99,56908051;2,38502100
-99,24140052;2,38502100
-98,91372052;2,38502100
-98,58604052;2,38502100
-98,25836052;2,38502100
-97,93068052;2,38502100
-97,60300053;2,38502100
-97,27532053;2,38502100
-96,94764053;2,38502100
-96,61996053;2,38502100
-96,29228053;2,38502100
-95,96460054;2,38502100
-95,63692054;2,38502100
-95,30924054;2,38502100
-94,98156054;2,38502100
-94,65388054;2,38502100
-94,32620055;2,38502100
-93,99852055;2,38502100
-93,67084055;2,38502100
-93,34316055;2,38502100
-93,01548055;2,38502100
-92,68780056;2,38502100
-92,36012056;2,38502100
-92,03244056;2,38502100
-91,70476056;2,38502100
-91,37708056;2,38502100
-91,04940057;2,38502100
-90,72172057;2,38502100
-90,39404057;2,38502100
-90,06636057;2,38502100
-89,73868057;2,38502100
-89,41100058;2,38502100
-89,08332058;2,38502100
-88,75564058;2,38502100
-88,42796058;2,38502100
-88,10028058;2,38502100
-87,77260059;2,38502100
-87,44492059;2,38502100
-87,11724059;2,38502100
-86,78956059;2,38502100
-86,46188059;2,38502100
-86,13420060;2,38502100
-85,80652060;2,38502100
-85,47884060;2,38502100
-85,15116060;2,38502100
-84,82348060;2,38502100
-84,49580061;2,42988400
-84,16812061;2,38502100
-83,84044061;2,38502100
-83,51276061;2,38502100
-83,18508061;2,38502100
-82,85740062;2,38502100
-82,52972062;2,38502100
-82,20204062;2,38502100
-81,87436062;2,38502100
-81,54668062;2,38502100
-81,21900063;2,38502100
-80,89132063;2,38502100
-80,56364063;2,38502100
-80,23596063;2,38502100
-79,90828063;2,38502100
-79,58060064;2,38502100
-79,25292064;2,38502100
-78,92524064;2,38502100
-78,59756064;2,38502100
-78,26988064;2,38502100
-77,94220065;2,38502100
-77,61452065;2,38502100
-77,28684065;2,38502100
-76,95916065;2,38502100
-76,63148065;2,38502100
-76,30380066;2,38502100
-75,97612066;2,38502100
-75,64844066;2,38502100
-75,32076066;2,38502100
-74,99308066;2,38502100
-74,66540067;2,38502100
-74,33772067;2,38502100
-74,01004067;2,38502100
-73,68236067;2,38502100
-73,35468067;2,38502100
-73,02700068;2,38502100
-72,69932068;2,38502100
-72,37164068;2,42988400
-72,04396068;2,38502100
-71,71628068;2,38502100
-71,38860069;2,38502100
-71,06092069;2,38502100
-70,73324069;2,38502100
-70,40556069;2,38502100
-70,07788069;2,38502100
-69,75020070;2,38502100
-69,42252070;2,38502100
-69,09484070;2,38502100
-68,76716070;2,38502100
-68,43948070;2,38502100
-68,11180071;2,38502100
-67,78412071;2,38502100
-67,45644071;2,38502100
-67,12876071;2,38502100
-66,80108071;2,38502100
-66,47340072;2,42988400
-66,14572072;2,38502100
-65,81804072;2,38502100
-65,49036072;2,38502100
-65,16268072;2,38502100
-64,83500072;2,38502100
-64,50732073;2,38502100
-64,17964073;2,42988400
-63,85196073;2,38502100
-63,52428073;2,38502100
-63,19660073;2,38502100
-62,86892074;2,38502100
-62,54124074;2,38502100
-62,21356074;2,38502100
-61,88588074;2,38502100
-61,55820074;2,38502100
-61,23052075;2,38502100
-60,90284075;2,38502100
-60,57516075;2,38502100
-60,24748075;2,38502100
-59,91980075;2,38502100
-59,59212076;2,38502100
-59,26444076;2,38502100
-58,93676076;2,38502100
-58,60908076;2,38502100
-58,28140076;2,38502100
-57,95372077;2,42988400
-57,62604077;2,38502100
-57,29836077;2,38502100
-56,97068077;2,38502100
-56,64300077;2,38502100
-56,31532078;2,38502100
-55,98764078;2,38502100
-55,65996078;2,38502100
-55,33228078;2,38502100
-55,00460078;2,38502100
-54,67692079;2,38502100
-54,34924079;2,38502100
-54,02156079;2,38502100
-53,69388079;2,38502100
-53,36620079;2,38502100
-53,03852080;2,38502100
-52,71084080;2,38502100
-52,38316080;2,38502100
-52,05548080;2,38502100
-51,72780080;2,38502100
-51,40012081;2,38502100
-51,07244081;2,38502100
-50,74476081;2,38502100
-50,41708081;2,38502100
-50,08940081;2,38502100
-49,76172082;2,38502100
-49,43404082;2,38502100
-49,10636082;2,38502100
-48,77868082;2,38502100
-48,45100082;2,38502100
-48,12332083;2,38502100
-47,79564083;2,38502100
-47,46796083;2,42988400
-47,14028083;2,38502100
-46,81260083;2,38502100
-46,48492084;2,38502100
-46,15724084;2,38502100
-45,82956084;2,38502100
-45,50188084;2,38502100
-45,17420084;2,38502100
-44,84652085;2,38502100
-44,51884085;2,42988400
-44,19116085;2,42988400
-43,86348085;2,38502100
-43,53580085;2,38502100
-43,20812086;2,38502100
-42,88044086;2,38502100
-42,55276086;2,38502100
-42,22508086;2,38502100
-41,89740086;2,38502100
-41,56972087;2,38502100
-41,24204087;2,38502100
-40,91436087;2,38502100
-40,58668087;2,38502100
-40,25900087;2,38502100
-39,93132088;2,38502100
-39,60364088;2,38502100
-39,27596088;2,38502100
-38,94828088;2,42988400
-38,62060088;2,38502100
-38,29292089;2,38502100
-37,96524089;2,38502100
-37,63756089;2,38502100
-37,30988089;2,38502100
-36,98220089;2,38502100
-36,65452090;2,38502100
-36,32684090;2,38502100
-35,99916090;2,38502100
-35,67148090;2,38502100
-35,34380090;2,38502100
-35,01612091;2,38502100
-34,68844091;2,38502100
-34,36076091;2,38502100
-34,03308091;2,38502100
-33,70540091;2,38502100
-33,37772092;2,38502100
-33,05004092;2,38502100
-32,72236092;2,38502100
-32,39468092;2,38502100
-32,06700092;2,38502100
-31,73932093;2,38502100
-31,41164093;2,38502100
-31,08396093;2,38502100
-30,75628093;2,38502100
-30,42860093;2,38502100
-30,10092094;2,38502100
-29,77324094;2,38502100
-29,44556094;2,38502100
-29,11788094;2,38502100
-28,79020094;2,38502100
-28,46252095;2,38502100
-28,13484095;2,38502100
-27,80716095;2,38502100
-27,47948095;2,38502100
-27,15180095;2,38502100
-26,82412096;2,38502100
-26,49644096;2,38502100
-26,16876096;2,38502100
-25,84108096;2,38502100
-25,51340096;2,38502100
-25,18572097;2,38502100
-24,85804097;2,38502100
-24,53036097;2,38502100
-24,20268097;2,38502100
-23,87500097;2,38502100
-23,54732098;2,38502100
-23,21964098;2,38502100
-22,89196098;2,38502100
-22,56428098;2,38502100
-22,23660098;2,38502100
-21,90892099;2,38502100
-21,58124099;2,38502100
-21,25356099;2,38502100
-20,92588099;2,38502100
-20,59820099;2,38502100
-20,27052100;2,38502100
-19,94284100;2,38502100
-19,61516100;2,38502100
-19,28748100;2,38502100
-18,95980100;2,38502100
-18,63212101;2,38502100
-18,30444101;2,38502100
-17,97676101;2,38502100
-17,64908101;2,38502100
-17,32140101;2,38502100
-16,99372102;2,38502100
-16,66604102;2,38502100
-16,33836102;2,38502100
-16,01068102;2,38502100
-15,68300102;2,38502100
-15,35532103;2,38502100
-15,02764103;2,38502100
-14,69996103;2,38502100
-14,37228103;2,38502100
-14,04460103;2,38502100
-13,71692104;2,38502100
-13,38924104;2,38502100
-13,06156104;2,38502100
-12,73388104;2,38502100
-12,40620104;2,38502100
-12,07852105;2,38502100
-11,75084105;2,38502100
-11,42316105;2,38502100
-11,09548105;2,38502100
-10,76780105;2,38502100
-10,44012106;2,38502100
-10,11244106;2,38502100
-9,78476106;2,38502100
-9,45708106;2,38502100
-9,12940106;2,38502100
-8,80172107;2,38502100
-8,47404107;2,38502100
-8,14636107;2,38502100
-7,81868107;2,38502100
-7,49100107;2,38502100
-7,16332108;2,38502100
-6,83564108;2,38502100
-6,50796108;2,38502100
-6,18028108;2,38502100
-5,85260108;2,38502100
-5,52492109;2,38502100
-5,19724109;2,38502100
-4,86956109;2,38502100
-4,54188109;2,38502100
-4,21420109;2,38502100
-3,88652110;2,38502100
-3,55884110;2,38502100
-3,23116110;2,38502100
-2,90348110;2,38502100
-2,57580110;2,38502100
-2,24812111;2,38502100
-1,92044111;2,42988400
-1,59276111;2,38502100
-1,26508111;2,42988400
-0,93740111;2,38502100
-0,60972112;2,38502100
-0,28204112;2,38502100
0,04563888;2,38502100
0,37331888;2,38502100
0,70099888;2,38502100
1,02867887;2,38502100
1,35635887;2,38502100
1,68403887;2,38502100
2,01171887;2,38502100
2,33939887;2,38502100
2,66707886;2,38502100
2,99475886;2,38502100
3,32243886;2,38502100
3,65011886;2,38502100
3,97779886;2,38502100
4,30547885;2,38502100
4,63315885;2,38502100
4,96083885;2,38502100
5,28851885;2,38502100
5,61619885;2,38502100
5,94387884;2,38502100
6,27155884;2,38502100
6,59923884;2,38502100
6,92691884;2,38502100
7,25459884;2,38502100
7,58227883;2,38502100
7,90995883;2,38502100
8,23763883;2,42988400
8,56531883;2,38502100
8,89299883;2,38502100
9,22067882;2,38502100
9,54835882;2,38502100
9,87603882;2,38502100
10,20371882;2,38502100
10,53139882;2,38502100
10,85907881;2,38502100
11,18675881;2,38502100
11,51443881;2,38502100
11,84211881;2,38502100
12,16979881;2,38502100
12,49747881;2,38502100
12,82515880;2,38502100
13,15283880;2,38502100
13,48051880;2,38502100
13,80819880;2,38502100
14,13587880;2,38502100
14,46355879;2,38502100
14,79123879;2,38502100
15,11891879;2,38502100
15,44659879;2,38502100
15,77427879;2,38502100
16,10195878;2,38502100
16,42963878;2,38502100
16,75731878;2,38502100
17,08499878;2,38502100
17,41267878;2,38502100
17,74035877;2,38502100
18,06803877;2,38502100
18,39571877;2,38502100
18,72339877;2,38502100
19,05107877;2,38502100
19,37875876;2,38502100
19,70643876;2,38502100
20,03411876;2,38502100
20,36179876;2,38502100
20,68947876;2,38502100
21,01715875;2,38502100
21,34483875;2,38502100
21,67251875;2,38502100
22,00019875;2,38502100
22,32787875;2,38502100
22,65555874;2,38502100
22,98323874;2,38502100
23,31091874;2,38502100
23,63859874;2,38502100
23,96627874;2,38502100
24,29395873;2,38502100
24,62163873;2,38502100
24,94931873;2,38502100
25,27699873;2,38502100
25,60467873;2,38502100
25,93235872;2,38502100
26,26003872;2,38502100
26,58771872;2,38502100
26,91539872;2,38502100
27,24307872;2,38502100
27,57075871;2,38502100
27,89843871;2,38502100
28,22611871;2,38502100
28,55379871;2,38502100
28,88147871;2,38502100
29,20915870;2,42988400
29,53683870;2,38502100
29,86451870;2,38502100
30,19219870;2,38502100
30,51987870;2,38502100
30,84755869;2,38502100
31,17523869;2,38502100
31,50291869;2,38502100
31,83059869;2,38502100
32,15827869;2,38502100
32,48595868;2,38502100
32,81363868;2,38502100
33,14131868;2,38502100
33,46899868;2,38502100
33,79667868;2,42988400
34,12435867;2,38502100
34,45203867;2,38502100
34,77971867;2,38502100
35,10739867;2,38502100
35,43507867;2,38502100
35,76275866;2,38502100
36,09043866;2,38502100
36,41811866;2,38502100
36,74579866;2,38502100
37,07347866;2,38502100
37,40115865;2,38502100
37,72883865;2,38502100
38,05651865;2,38502100
38,38419865;2,38502100
38,71187865;2,38502100
39,03955864;2,38502100
39,36723864;2,38502100
39,69491864;2,38502100
40,02259864;2,38502100
40,35027864;2,38502100
40,67795863;2,38502100
41,00563863;2,38502100
41,33331863;2,42988400
41,66099863;2,38502100
41,98867863;2,38502100
42,31635862;2,38502100
42,64403862;2,38502100
42,97171862;2,42988400
43,29939862;2,38502100
43,62707862;2,38502100
43,95475861;2,38502100
44,28243861;2,38502100
44,61011861;2,38502100
44,93779861;2,38502100
45,26547861;2,38502100
45,59315860;2,38502100
45,92083860;2,38502100
46,24851860;2,38502100
46,57619860;2,38502100
46,90387860;2,38502100
47,23155859;2,38502100
47,55923859;2,38502100
47,88691859;2,38502100
48,21459859;2,38502100
48,54227859;2,38502100
48,86995858;2,38502100
49,19763858;2,38502100
49,52531858;2,38502100
49,85299858;2,38502100
50,18067858;2,38502100
50,50835857;2,38502100
50,83603857;2,38502100
51,16371857;2,38502100
51,49139857;2,38502100
51,81907857;2,38502100
52,14675856;2,38502100
52,47443856;2,38502100
52,80211856;2,38502100
53,12979856;2,38502100
53,45747856;2,38502100
53,78515855;2,38502100
54,11283855;2,38502100
54,44051855;2,38502100
54,76819855;2,38502100
55,09587855;2,38502100
55,42355854;2,38502100
55,75123854;2,38502100
56,07891854;2,38502100
56,40659854;2,38502100
56,73427854;2,38502100
57,06195853;2,38502100
57,38963853;2,38502100
57,71731853;2,38502100
58,04499853;2,38502100
58,37267853;2,38502100
58,70035852;2,38502100
59,02803852;2,38502100
59,35571852;2,38502100
59,68339852;2,38502100
60,01107852;2,38502100
60,33875851;2,38502100
60,66643851;2,38502100
60,99411851;2,38502100
61,32179851;2,42988400
61,64947851;2,38502100
61,97715850;2,38502100
62,30483850;2,38502100
62,63251850;2,38502100
62,96019850;2,38502100
63,28787850;2,38502100
63,61555849;2,38502100
63,94323849;2,38502100
64,27091849;2,38502100
64,59859849;2,38502100
64,92627849;2,38502100
65,25395848;2,38502100
65,58163848;2,38502100
65,90931848;2,38502100
66,23699848;2,38502100
66,56467848;2,38502100
66,89235847;2,38502100
67,22003847;2,38502100
67,54771847;2,38502100
67,87539847;2,38502100
68,20307847;2,38502100
68,53075846;2,38502100
68,85843846;2,38502100
69,18611846;2,38502100
69,51379846;2,38502100
69,84147846;2,38502100
70,16915845;2,38502100
70,49683845;2,38502100
70,82451845;2,38502100
71,15219845;2,38502100
71,47987845;2,38502100
71,80755844;2,38502100
72,13523844;2,38502100
72,46291844;2,38502100
72,79059844;2,38502100
73,11827844;2,38502100
73,44595843;2,38502100
73,77363843;2,38502100
74,10131843;2,38502100
74,42899843;2,42988400
74,75667843;2,38502100
75,08435842;2,38502100
75,41203842;2,38502100
75,73971842;2,38502100
76,06739842;2,38502100
76,39507842;2,38502100
76,72275841;2,38502100
77,05043841;2,38502100
77,37811841;2,38502100
77,70579841;2,42988400
78,03347841;2,38502100
78,36115840;2,38502100
78,68883840;2,38502100
79,01651840;2,38502100
79,34419840;2,38502100
79,67187840;2,38502100
79,99955839;2,42988400
80,32723839;2,42988400
80,65491839;2,38502100
80,98259839;2,38502100
81,31027839;2,38502100
81,63795838;2,38502100
81,96563838;2,38502100
82,29331838;2,38502100
82,62099838;2,42988400
82,94867838;2,38502100
83,27635837;2,38502100
83,60403837;2,38502100
83,93171837;2,38502100
84,25939837;2,38502100
84,58707837;2,38502100
84,91475836;2,38502100
85,24243836;2,38502100
85,57011836;2,38502100
85,89779836;2,38502100
86,22547836;2,38502100
86,55315835;2,38502100
86,88083835;2,38502100
87,20851835;2,38502100
87,53619835;2,38502100
87,86387835;2,38502100
88,19155834;2,38502100
88,51923834;2,38502100
88,84691834;2,38502100
89,17459834;2,38502100
89,50227834;2,38502100
89,82995834;2,38502100
90,15763833;2,38502100
90,48531833;2,38502100
90,81299833;2,42988400
91,14067833;2,38502100
91,46835833;2,38502100
91,79603832;2,38502100
92,12371832;2,38502100
92,45139832;2,38502100
92,77907832;2,38502100
93,10675832;2,38502100
93,43443831;2,38502100
93,76211831;2,38502100
94,08979831;2,38502100
94,41747831;2,38502100
94,74515831;2,38502100
95,07283830;2,38502100
95,40051830;2,38502100
95,72819830;2,38502100
96,05587830;2,38502100
96,38355830;2,38502100
96,71123829;2,38502100
97,03891829;2,38502100
97,36659829;2,38502100
97,69427829;2,38502100
98,02195829;2,38502100
98,34963828;2,38502100
98,67731828;2,38502100
99,00499828;2,38502100
99,33267828;2,38502100
99,66035828;2,38502100
99,98803827;2,38502100
100,31571827;2,38502100
100,64339827;2,38502100
100,97107827;2,38502100
101,29875827;2,38502100
101,62643826;2,38502100
101,95411826;2,38502100
102,28179826;2,38502100
102,60947826;2,38502100
102,93715826;2,38502100
103,26483825;2,38502100
103,59251825;2,42988400
103,92019825;2,38502100
104,24787825;2,38502100
104,57555825;2,38502100
104,90323824;2,38502100
105,23091824;2,38502100
105,55859824;2,38502100
105,88627824;2,38502100
106,21395824;2,38502100
106,54163823;2,38502100
106,86931823;2,38502100
107,19699823;2,38502100
107,52467823;2,38502100
107,85235823;2,38502100
108,18003822;2,38502100
108,50771822;2,38502100
108,83539822;2,38502100
109,16307822;2,38502100
109,49075822;2,38502100
109,81843821;2,38502100
110,14611821;2,38502100
110,47379821;2,38502100
110,80147821;2,38502100
111,12915821;2,38502100
111,45683820;2,38502100
111,78451820;2,38502100
112,11219820;2,38502100
112,43987820;2,38502100
112,76755820;2,38502100
113,09523819;2,38502100
113,42291819;2,38502100
113,75059819;2,38502100
114,07827819;2,42988400
114,40595819;2,38502100
114,73363818;2,38502100
115,06131818;2,38502100
115,38899818;2,38502100
115,71667818;2,38502100
116,04435818;2,38502100
116,37203817;2,38502100
116,69971817;2,38502100
117,02739817;2,38502100
117,35507817;2,38502100
117,68275817;2,38502100
118,01043816;2,38502100
118,33811816;2,38502100
118,66579816;2,38502100
118,99347816;2,38502100
119,32115816;2,42988400
119,64883815;2,38502100
119,97651815;2,38502100
120,30419815;2,38502100
120,63187815;2,38502100
120,95955815;2,38502100
121,28723814;2,38502100
121,61491814;2,38502100
121,94259814;2,38502100
122,27027814;2,42988400
122,59795814;2,38502100
122,92563813;2,42988400
123,25331813;2,38502100
123,58099813;2,38502100
123,90867813;2,38502100
124,23635813;2,38502100
124,56403812;2,38502100
124,89171812;2,38502100
125,21939812;2,38502100
125,54707812;2,38502100
125,87475812;2,38502100
126,20243811;2,38502100
126,53011811;2,38502100
126,85779811;2,38502100
127,18547811;2,38502100
127,51315811;2,38502100
127,84083810;2,38502100
128,16851810;2,38502100
128,49619810;2,38502100
128,82387810;2,38502100
129,15155810;2,38502100
129,47923809;2,38502100
129,80691809;2,38502100
130,13459809;2,38502100
130,46227809;2,38502100
130,78995809;2,38502100
131,11763808;2,38502100
131,44531808;2,38502100
131,77299808;2,38502100
132,10067808;2,38502100
132,42835808;2,38502100
132,75603807;2,38502100
133,08371807;2,38502100
133,41139807;2,38502100
133,73907807;2,38502100
134,06675807;2,38502100
134,39443806;2,38502100
134,72211806;2,38502100
135,04979806;2,38502100
135,37747806;2,38502100
135,70515806;2,38502100
136,03283805;2,38502100
136,36051805;2,38502100
136,68819805;2,38502100
137,01587805;2,38502100
137,34355805;2,38502100
137,67123804;2,38502100
137,99891804;2,38502100
138,32659804;2,38502100
138,65427804;2,38502100
138,98195804;2,38502100
139,30963803;2,38502100
139,63731803;2,38502100
139,96499803;2,38502100
140,29267803;2,38502100
140,62035803;2,38502100
140,94803802;2,38502100
141,27571802;2,38502100
141,60339802;2,38502100
141,93107802;2,38502100
142,25875802;2,38502100
142,58643801;2,38502100
142,91411801;2,38502100
143,24179801;2,38502100
143,56947801;2,38502100
143,89715801;2,38502100
144,22483800;2,38502100
144,55251800;2,38502100
144,88019800;2,38502100
145,20787800;2,38502100
145,53555800;2,38502100
145,86323799;2,38502100
146,19091799;2,38502100
146,51859799;2,38502100
146,84627799;2,38502100
147,17395799;2,38502100
147,50163798;2,38502100
147,82931798;2,38502100
148,15699798;2,38502100
148,48467798;2,38502100
148,81235798;2,38502100
149,14003797;2,38502100
149,46771797;2,38502100
149,79539797;2,42988400
150,12307797;2,38502100
150,45075797;2,38502100
150,77843796;2,38502100
151,10611796;2,38502100
151,43379796;2,38502100
151,76147796;2,38502100
152,08915796;2,38502100
152,41683795;2,38502100
152,74451795;2,38502100
153,07219795;2,38502100
153,39987795;2,38502100
153,72755795;2,38502100
154,05523794;2,38502100
154,38291794;2,38502100
154,71059794;2,38502100
155,03827794;2,38502100
155,36595794;2,38502100
155,69363793;2,38502100
156,02131793;2,38502100
156,34899793;2,38502100
156,67667793;2,38502100
157,00435793;2,38502100
157,33203792;2,38502100
157,65971792;2,38502100
157,98739792;2,38502100
158,31507792;2,38502100
158,64275792;2,38502100
158,97043791;2,42988400
159,29811791;2,38502100
159,62579791;2,38502100
159,95347791;2,38502100
160,28115791;2,38502100
160,60883790;2,38502100
160,93651790;2,38502100
161,26419790;2,38502100
161,59187790;2,38502100
161,91955790;2,38502100
162,24723789;2,38502100
162,57491789;2,38502100
162,90259789;2,38502100
163,23027789;2,38502100
163,55795789;2,38502100
163,88563788;2,38502100
164,21331788;2,38502100
164,54099788;2,38502100
164,86867788;2,38502100
165,19635788;2,38502100
165,52403788;2,38502100
165,85171787;2,38502100
166,17939787;2,38502100
166,50707787;2,38502100
166,83475787;2,38502100
167,16243787;2,38502100
167,49011786;2,38502100
167,81779786;2,38502100
168,14547786;2,38502100
168,47315786;2,38502100
168,80083786;2,38502100
169,12851785;2,42988400
169,45619785;2,38502100
169,78387785;2,38502100
170,11155785;2,38502100
170,43923785;2,38502100
170,76691784;2,38502100
171,09459784;2,38502100
171,42227784;2,38502100
171,74995784;2,38502100
172,07763784;2,38502100
172,40531783;2,38502100
172,73299783;2,38502100
173,06067783;2,38502100
173,38835783;2,38502100
173,71603783;2,38502100
174,04371782;2,38502100
174,37139782;2,38502100
174,69907782;2,38502100
175,02675782;2,38502100
175,35443782;2,38502100
175,68211781;2,38502100
176,00979781;2,38502100
176,33747781;2,38502100
176,66515781;2,38502100
176,99283781;2,38502100
177,32051780;2,38502100
177,64819780;2,38502100
177,97587780;2,38502100
178,30355780;2,38502100
178,63123780;2,38502100
178,95891779;2,38502100
179,28659779;2,38502100
179,61427779;2,38502100
179,94195779;2,38502100
180,26963779;2,38502100
180,59731778;2,38502100
180,92499778;2,38502100
181,25267778;2,38502100
181,58035778;2,38502100
181,90803778;2,38502100
182,23571777;2,38502100
182,56339777;2,38502100
182,89107777;2,38502100
183,21875777;2,38502100
183,54643777;2,38502100
183,87411776;2,38502100
184,20179776;2,38502100
184,52947776;2,38502100
184,85715776;2,38502100
185,18483776;2,38502100
185,51251775;2,38502100
185,84019775;2,38502100
186,16787775;2,38502100
186,49555775;2,38502100
186,82323775;2,38502100
187,15091774;2,38502100
187,47859774;2,38502100
187,80627774;2,38502100
188,13395774;2,38502100
188,46163774;2,38502100
188,78931773;2,38502100
189,11699773;2,38502100
189,44467773;2,38502100
189,77235773;2,42988400
190,10003773;2,38502100
190,42771772;2,38502100
190,75539772;2,38502100
191,08307772;2,38502100
191,41075772;2,38502100
191,73843772;2,38502100
192,06611771;2,38502100
192,39379771;2,38502100
192,72147771;2,38502100
193,04915771;2,38502100
193,37683771;2,38502100
193,70451770;2,38502100
194,03219770;2,38502100
194,35987770;2,38502100
194,68755770;2,38502100
195,01523770;2,38502100
195,34291769;2,38502100
195,67059769;2,38502100
195,99827769;2,38502100
196,32595769;2,42988400
196,65363769;2,42988400
196,98131768;2,42988400
197,30899768;2,38502100
197,63667768;2,38502100
197,96435768;2,38502100
198,29203768;2,38502100
198,61971767;2,38502100
198,94739767;2,38502100
199,27507767;2,38502100
199,60275767;2,38502100
199,93043767;2,38502100
200,25811766;2,38502100
200,58579766;2,38502100
200,91347766;2,38502100
201,24115766;2,38502100
201,56883766;2,38502100
201,89651765;2,38502100
202,22419765;2,38502100
202,55187765;2,38502100
202,87955765;2,38502100
203,20723765;2,38502100
203,53491764;2,38502100
203,86259764;2,38502100
204,19027764;2,38502100
204,51795764;2,38502100
204,84563764;2,38502100
205,17331763;2,38502100
205,50099763;2,38502100
205,82867763;2,38502100
206,15635763;2,38502100
206,48403763;2,38502100
206,81171762;2,38502100
207,13939762;2,38502100
207,46707762;2,38502100
207,79475762;2,38502100
208,12243762;2,38502100
208,45011761;2,38502100
208,77779761;2,38502100
209,10547761;2,38502100
209,43315761;2,38502100
209,76083761;2,38502100
210,08851760;2,38502100
210,41619760;2,38502100
210,74387760;2,42988400
211,07155760;2,38502100
211,39923760;2,38502100
211,72691759;2,38502100
212,05459759;2,38502100
212,38227759;2,38502100
212,70995759;2,38502100
213,03763759;2,38502100
213,36531758;2,38502100
213,69299758;2,38502100
214,02067758;2,42988400
214,34835758;2,38502100
214,67603758;2,38502100
215,00371757;2,38502100
215,33139757;2,38502100
215,65907757;2,38502100
215,98675757;2,38502100
216,31443757;2,38502100
216,64211756;2,38502100
216,96979756;2,38502100
217,29747756;2,38502100
217,62515756;2,38502100
217,95283756;2,38502100
218,28051755;2,38502100
218,60819755;2,38502100
218,93587755;2,38502100
219,26355755;2,38502100
219,59123755;2,38502100
219,91891754;2,38502100
220,24659754;2,38502100
220,57427754;2,38502100
220,90195754;2,38502100
221,22963754;2,38502100
221,55731753;2,38502100
221,88499753;2,38502100
222,21267753;2,38502100
222,54035753;2,38502100
222,86803753;2,38502100
223,19571752;2,38502100
223,52339752;2,38502100
223,85107752;2,38502100
224,17875752;2,38502100
224,50643752;2,38502100
224,83411751;2,38502100
225,16179751;2,38502100
225,48947751;2,38502100
225,81715751;2,38502100
226,14483751;2,38502100
226,47251750;2,38502100
226,80019750;2,38502100
227,12787750;2,38502100
227,45555750;2,38502100
227,78323750;2,38502100
228,11091749;2,38502100
228,43859749;2,38502100
228,76627749;2,38502100
229,09395749;2,38502100
229,42163749;2,38502100
229,74931748;2,38502100
230,07699748;2,38502100
230,40467748;2,38502100
230,73235748;2,38502100
231,06003748;2,38502100
231,38771747;2,38502100
231,71539747;2,38502100
232,04307747;2,38502100
232,37075747;2,38502100
232,69843747;2,38502100
233,02611746;2,38502100
233,35379746;2,38502100
233,68147746;2,38502100
234,00915746;2,38502100
234,33683746;2,38502100
234,66451745;2,38502100
234,99219745;2,38502100
235,31987745;2,38502100
235,64755745;2,38502100
235,97523745;2,38502100
236,30291744;2,38502100
236,63059744;2,38502100
236,95827744;2,42988400
237,28595744;2,38502100
237,61363744;2,38502100
237,94131743;2,38502100
238,26899743;2,38502100
238,59667743;2,38502100
238,92435743;2,38502100
239,25203743;2,38502100
239,57971742;2,38502100
239,90739742;2,38502100
240,23507742;2,38502100
240,56275742;2,38502100
240,89043742;2,42988400
241,21811741;2,38502100
241,54579741;2,38502100
241,87347741;2,38502100
242,20115741;2,38502100
242,52883741;2,38502100
242,85651741;2,38502100
243,18419740;2,38502100
243,51187740;2,38502100
243,83955740;2,38502100
244,16723740;2,38502100
244,49491740;2,38502100
244,82259739;2,38502100
245,15027739;2,38502100
245,47795739;2,38502100
245,80563739;2,38502100
246,13331739;2,38502100
246,46099738;2,38502100
246,78867738;2,38502100
247,11635738;2,38502100
247,44403738;2,38502100
247,77171738;2,38502100
248,09939737;2,38502100
248,42707737;2,38502100
248,75475737;2,38502100
249,08243737;2,38502100
249,41011737;2,38502100
249,73779736;2,38502100
250,06547736;2,38502100
250,39315736;2,38502100
250,72083736;2,38502100
251,04851736;2,38502100
251,37619735;2,38502100
251,70387735;2,38502100
252,03155735;2,38502100
252,35923735;2,42988400
252,68691735;2,38502100
253,01459734;2,38502100
253,34227734;2,38502100
253,66995734;2,38502100
253,99763734;2,38502100
254,32531734;2,38502100
254,65299733;2,38502100
254,98067733;2,38502100
255,30835733;2,38502100
255,63603733;2,38502100
255,96371733;2,38502100
256,29139732;2,38502100
256,61907732;2,38502100
256,94675732;2,38502100
257,27443732;2,38502100
257,60211732;2,38502100
257,92979731;2,38502100
258,25747731;2,38502100
258,58515731;2,38502100
258,91283731;2,38502100
259,24051731;2,38502100
259,56819730;2,38502100
259,89587730;2,38502100
260,22355730;2,38502100
260,55123730;2,38502100
260,87891730;2,38502100
261,20659729;2,38502100
261,53427729;2,38502100
261,86195729;2,38502100
262,18963729;2,38502100
262,51731729;2,38502100
262,84499728;2,38502100
263,17267728;2,38502100
263,50035728;2,38502100
263,82803728;2,38502100
264,15571728;2,38502100
264,48339727;2,38502100
264,81107727;2,38502100
265,13875727;2,38502100
265,46643727;2,38502100
265,79411727;2,38502100
266,12179726;2,38502100
266,44947726;2,38502100
266,77715726;2,38502100
267,10483726;2,38502100
267,43251726;2,38502100
267,76019725;2,38502100
268,08787725;2,38502100
268,41555725;2,38502100
268,74323725;2,38502100
269,07091725;2,38502100
269,39859724;2,38502100
269,72627724;2,38502100
270,05395724;2,38502100
270,38163724;2,38502100
270,70931724;2,38502100
271,03699723;2,38502100
271,36467723;2,38502100
271,69235723;2,38502100
272,02003723;2,38502100
272,34771723;2,38502100
272,67539722;2,38502100
273,00307722;2,38502100
273,33075722;2,38502100
273,65843722;2,38502100
273,98611722;2,38502100
274,31379721;2,38502100
274,64147721;2,42988400
274,96915721;2,38502100
275,29683721;2,38502100
275,62451721;2,38502100
275,95219720;2,38502100
276,27987720;2,38502100
276,60755720;2,38502100
276,93523720;2,38502100
277,26291720;2,38502100
277,59059719;2,38502100
277,91827719;2,38502100
278,24595719;2,38502100
278,57363719;2,38502100
278,90131719;2,38502100
279,22899718;2,38502100
279,55667718;2,38502100
279,88435718;2,38502100
280,21203718;2,38502100
280,53971718;2,38502100
280,86739717;2,38502100
281,19507717;2,38502100
281,52275717;2,38502100
281,85043717;2,38502100
282,17811717;2,38502100
282,50579716;2,38502100
282,83347716;2,38502100
283,16115716;2,38502100
283,48883716;2,38502100
283,81651716;2,38502100
284,14419715;2,38502100
284,47187715;2,38502100
284,79955715;2,38502100
285,12723715;2,38502100
285,45491715;2,38502100
285,78259714;2,38502100
286,11027714;2,38502100
286,43795714;2,38502100
286,76563714;2,38502100
287,09331714;2,38502100
287,42099713;2,38502100
287,74867713;2,38502100
288,07635713;2,38502100
288,40403713;2,42988400
288,73171713;2,38502100
289,05939712;2,38502100
289,38707712;2,38502100
289,71475712;2,38502100
290,04243712;2,38502100
290,37011712;2,38502100
290,69779711;2,38502100
291,02547711;2,38502100
291,35315711;2,38502100
291,68083711;2,38502100
292,00851711;2,38502100
292,33619710;2,38502100
292,66387710;2,38502100
292,99155710;2,38502100
293,31923710;2,38502100
293,64691710;2,38502100
293,97459709;2,38502100
294,30227709;2,38502100
294,62995709;2,38502100
294,95763709;2,38502100
295,28531709;2,38502100
295,61299708;2,38502100
295,94067708;2,38502100
296,26835708;2,38502100
296,59603708;2,38502100
296,92371708;2,38502100
297,25139707;2,38502100
297,57907707;2,38502100
297,90675707;2,38502100
298,23443707;2,38502100
298,56211707;2,38502100
298,88979706;2,38502100
299,21747706;2,38502100
299,54515706;2,38502100
299,87283706;2,38502100
300,20051706;2,38502100
300,52819705;2,38502100
300,85587705;2,38502100
301,18355705;2,38502100
301,51123705;2,38502100
301,83891705;2,38502100
302,16659704;2,38502100
302,49427704;2,38502100
302,82195704;2,38502100
303,14963704;2,38502100
303,47731704;2,38502100
303,80499703;2,38502100
304,13267703;2,38502100
304,46035703;2,38502100
304,78803703;2,42988400
305,11571703;2,38502100
305,44339702;2,38502100
305,77107702;2,38502100
306,09875702;2,38502100
306,42643702;2,38502100
306,75411702;2,38502100
307,08179701;2,42988400
307,40947701;2,42988400
307,73715701;2,38502100
308,06483701;2,38502100
308,39251701;2,38502100
308,72019700;2,38502100
309,04787700;2,38502100
309,37555700;2,38502100
309,70323700;2,38502100
310,03091700;2,38502100
310,35859699;2,38502100
310,68627699;2,38502100
311,01395699;2,38502100
311,34163699;2,38502100
311,66931699;2,38502100
311,99699698;2,38502100
312,32467698;2,38502100
312,65235698;2,38502100
312,98003698;2,38502100
313,30771698;2,38502100
313,63539697;2,38502100
313,96307697;2,38502100
314,29075697;2,38502100
314,61843697;2,38502100
314,94611697;2,38502100
315,27379696;2,38502100
315,60147696;2,38502100
315,92915696;2,38502100
316,25683696;2,38502100
316,58451696;2,38502100
316,91219695;2,38502100
317,23987695;2,38502100
317,56755695;2,38502100
317,89523695;2,38502100
318,22291695;2,38502100
318,55059694;2,38502100
318,87827694;2,38502100
319,20595694;2,38502100
319,53363694;2,38502100
319,86131694;2,38502100
320,18899694;2,38502100
320,51667693;2,38502100
320,84435693;2,38502100
321,17203693;2,38502100
321,49971693;2,38502100
321,82739693;2,38502100
322,15507692;2,42988400
322,48275692;2,38502100
322,81043692;2,38502100
323,13811692;2,38502100
323,46579692;2,38502100
323,79347691;2,38502100
324,12115691;2,38502100
324,44883691;2,38502100
324,77651691;2,38502100
325,10419691;2,38502100
325,43187690;2,38502100
325,75955690;2,38502100
326,08723690;2,38502100
326,41491690;2,38502100
326,74259690;2,38502100
327,07027689;2,38502100
327,39795689;2,38502100
327,72563689;2,38502100
328,05331689;2,38502100
328,38099689;2,38502100
328,70867688;2,38502100
329,03635688;2,38502100
329,36403688;2,38502100
329,69171688;2,38502100
330,01939688;2,38502100
330,34707687;2,38502100
330,67475687;2,38502100
331,00243687;2,38502100
331,33011687;2,38502100
331,65779687;2,38502100
331,98547686;2,38502100
332,31315686;2,38502100
332,64083686;2,42988400
332,96851686;2,38502100
333,29619686;2,38502100
333,62387685;2,38502100
333,95155685;2,38502100
334,27923685;2,38502100
334,60691685;2,38502100
334,93459685;2,38502100
335,26227684;2,42988400
335,58995684;2,38502100
335,91763684;2,38502100
336,24531684;2,42988400
336,57299684;2,38502100
336,90067683;2,38502100
337,22835683;2,38502100
337,55603683;2,38502100
337,88371683;2,38502100
338,21139683;2,38502100
338,53907682;2,38502100
338,86675682;2,38502100
339,19443682;2,38502100
339,52211682;2,38502100
339,84979682;2,38502100
340,17747681;2,38502100
340,50515681;2,38502100
340,83283681;2,38502100
341,16051681;2,38502100
341,48819681;2,38502100
341,81587680;2,38502100
342,14355680;2,38502100
342,47123680;2,42988400
342,79891680;2,38502100
343,12659680;2,38502100
343,45427679;2,38502100
343,78195679;2,38502100
344,10963679;2,38502100
344,43731679;2,38502100
344,76499679;2,38502100
345,09267678;2,38502100
345,42035678;2,38502100
345,74803678;2,38502100
346,07571678;2,38502100
346,40339678;2,38502100
346,73107677;2,38502100
347,05875677;2,38502100
347,38643677;2,38502100
347,71411677;2,38502100
348,04179677;2,38502100
348,36947676;2,38502100
348,69715676;2,38502100
349,02483676;2,38502100
349,35251676;2,38502100
349,68019676;2,38502100
350,00787675;2,38502100
350,33555675;2,38502100
350,66323675;2,38502100
350,99091675;2,42988400
351,31859675;2,38502100
351,64627674;2,38502100
351,97395674;2,42988400
352,30163674;2,38502100
352,62931674;2,38502100
352,95699674;2,38502100
353,28467673;2,38502100
353,61235673;2,38502100
353,94003673;2,38502100
354,26771673;2,38502100
354,59539673;2,38502100
354,92307672;2,38502100
355,25075672;2,38502100
355,57843672;2,38502100
355,90611672;2,42988400
356,23379672;2,38502100
356,56147671;2,38502100
356,88915671;2,38502100
357,21683671;2,38502100
357,54451671;2,38502100
357,87219671;2,38502100
358,19987670;2,38502100
358,52755670;2,38502100
358,85523670;2,38502100
359,18291670;2,38502100
359,51059670;2,38502100
359,83827669;2,38502100
360,16595669;2,38502100
360,49363669;2,38502100
360,82131669;2,38502100
361,14899669;2,38502100
361,47667668;2,38502100
361,80435668;2,38502100
362,13203668;2,38502100
362,45971668;2,38502100
362,78739668;2,38502100
363,11507667;2,38502100
363,44275667;2,38502100
363,77043667;2,42988400
364,09811667;2,38502100
364,42579667;2,38502100
364,75347666;2,42988400
365,08115666;2,38502100
365,40883666;2,38502100
365,73651666;2,38502100
366,06419666;2,38502100
366,39187665;2,38502100
366,71955665;2,38502100
367,04723665;2,38502100
367,37491665;2,38502100
367,70259665;2,38502100
368,03027664;2,38502100
368,35795664;2,38502100
368,68563664;2,38502100
369,01331664;2,38502100
369,34099664;2,38502100
369,66867663;2,38502100
369,99635663;2,38502100
370,32403663;2,38502100
370,65171663;2,38502100
370,97939663;2,38502100
371,30707662;2,42988400
371,63475662;2,38502100
371,96243662;2,38502100
372,29011662;2,38502100
372,61779662;2,38502100
372,94547661;2,38502100
373,27315661;2,38502100
373,60083661;2,38502100
373,92851661;2,38502100
374,25619661;2,38502100
374,58387660;2,38502100
374,91155660;2,38502100
375,23923660;2,38502100
375,56691660;2,38502100
375,89459660;2,38502100
376,22227659;2,38502100
376,54995659;2,38502100
376,87763659;2,38502100
377,20531659;2,42988400
377,53299659;2,38502100
377,86067658;2,38502100
378,18835658;2,38502100
378,51603658;2,38502100
378,84371658;2,38502100
379,17139658;2,38502100
379,49907657;2,38502100
379,82675657;2,42988400
380,15443657;2,38502100
380,48211657;2,38502100
380,80979657;2,38502100
381,13747656;2,38502100
381,46515656;2,38502100
381,79283656;2,38502100
382,12051656;2,38502100
382,44819656;2,38502100
382,77587655;2,38502100
383,10355655;2,38502100
383,43123655;2,38502100
383,75891655;2,38502100
384,08659655;2,38502100
384,41427654;2,38502100
384,74195654;2,38502100
385,06963654;2,38502100
385,39731654;2,38502100
385,72499654;2,38502100
386,05267653;2,38502100
386,38035653;2,38502100
386,70803653;2,38502100
387,03571653;2,38502100
387,36339653;2,38502100
387,69107652;2,38502100
388,01875652;2,38502100
388,34643652;2,38502100
388,67411652;2,38502100
389,00179652;2,38502100
389,32947651;2,38502100
389,65715651;2,38502100
389,98483651;2,38502100
390,31251651;2,38502100
390,64019651;2,38502100
390,96787650;2,38502100
391,29555650;2,38502100
391,62323650;2,38502100
391,95091650;2,38502100
392,27859650;2,38502100
392,60627649;2,38502100
392,93395649;2,38502100
393,26163649;2,38502100
393,58931649;2,38502100
393,91699649;2,38502100
394,24467648;2,38502100
394,57235648;2,38502100
394,90003648;2,38502100
395,22771648;2,38502100
395,55539648;2,42988400
395,88307648;2,38502100
396,21075647;2,38502100
396,53843647;2,38502100
396,86611647;2,38502100
397,19379647;2,38502100
397,52147647;2,38502100
397,84915646;2,38502100
398,17683646;2,38502100
398,50451646;2,38502100
398,83219646;2,38502100
399,15987646;2,38502100
399,48755645;2,38502100
399,81523645;2,38502100
400,14291645;2,38502100
400,47059645;2,42988400
400,79827645;2,38502100
401,12595644;2,38502100
401,45363644;2,38502100
401,78131644;2,38502100
402,10899644;2,38502100
402,43667644;2,38502100
402,76435643;2,38502100
403,09203643;2,38502100
403,41971643;2,38502100
403,74739643;2,38502100
404,07507643;2,38502100
404,40275642;2,42988400
404,73043642;2,38502100
405,05811642;2,38502100
405,38579642;2,38502100
405,71347642;2,38502100
406,04115641;2,42988400
406,36883641;2,38502100
406,69651641;2,38502100
407,02419641;2,38502100
407,35187641;2,38502100
407,67955640;2,38502100
408,00723640;2,38502100
408,33491640;2,38502100
408,66259640;2,38502100
408,99027640;2,38502100
409,31795639;2,38502100
409,64563639;2,38502100
409,97331639;2,38502100
410,30099639;2,38502100
410,62867639;2,38502100
410,95635638;2,38502100
411,28403638;2,38502100
411,61171638;2,38502100
411,93939638;2,38502100
412,26707638;2,38502100
412,59475637;2,38502100
412,92243637;2,38502100
413,25011637;2,38502100
413,57779637;2,38502100
413,90547637;2,38502100
414,23315636;2,38502100
414,56083636;2,38502100
414,88851636;2,38502100
415,21619636;2,38502100
415,54387636;2,38502100
415,87155635;2,38502100
416,19923635;2,38502100
416,52691635;2,38502100
416,85459635;2,38502100
417,18227635;2,38502100
417,50995634;2,38502100
417,83763634;2,38502100
418,16531634;2,38502100
418,49299634;2,38502100
418,82067634;2,38502100
419,14835633;2,38502100
419,47603633;2,38502100
419,80371633;2,38502100
420,13139633;2,38502100
420,45907633;2,38502100
420,78675632;2,38502100
421,11443632;2,38502100
421,44211632;2,38502100
421,76979632;2,38502100
422,09747632;2,38502100
422,42515631;2,38502100
422,75283631;2,38502100
423,08051631;2,38502100
423,40819631;2,42988400
423,73587631;2,38502100
424,06355630;2,38502100
424,39123630;2,38502100
424,71891630;2,38502100
425,04659630;2,38502100
425,37427630;2,38502100
425,70195629;2,38502100
426,02963629;2,38502100
426,35731629;2,38502100
426,68499629;2,38502100
427,01267629;2,38502100
427,34035628;2,38502100
427,66803628;2,38502100
427,99571628;2,42988400
428,32339628;2,38502100
428,65107628;2,38502100
428,97875627;2,38502100
429,30643627;2,38502100
429,63411627;2,38502100
429,96179627;2,38502100
430,28947627;2,38502100
430,61715626;2,38502100
430,94483626;2,38502100
431,27251626;2,38502100
431,60019626;2,38502100
431,92787626;2,38502100
432,25555625;2,38502100
432,58323625;2,38502100
432,91091625;2,38502100
433,23859625;2,38502100
433,56627625;2,38502100
433,89395624;2,38502100
434,22163624;2,38502100
434,54931624;2,38502100
434,87699624;2,38502100
435,20467624;2,38502100
435,53235623;2,38502100
435,86003623;2,38502100
436,18771623;2,38502100
436,51539623;2,38502100
436,84307623;2,38502100
437,17075622;2,38502100
437,49843622;2,38502100
437,82611622;2,38502100
438,15379622;2,38502100
438,48147622;2,38502100
438,80915621;2,38502100
439,13683621;2,38502100
439,46451621;2,38502100
439,79219621;2,38502100
440,11987621;2,38502100
440,44755620;2,38502100
440,77523620;2,42988400
441,10291620;2,38502100
441,43059620;2,38502100
441,75827620;2,38502100
442,08595619;2,38502100
442,41363619;2,38502100
442,74131619;2,38502100
443,06899619;2,38502100
443,39667619;2,38502100
443,72435618;2,38502100
444,05203618;2,38502100
444,37971618;2,38502100
444,70739618;2,42988400
445,03507618;2,38502100
445,36275617;2,38502100
445,69043617;2,38502100
446,01811617;2,38502100
446,34579617;2,38502100
446,67347617;2,38502100
447,00115616;2,38502100
447,32883616;2,38502100
447,65651616;2,38502100
447,98419616;2,38502100
448,31187616;2,42988400
448,63955615;2,38502100
448,96723615;2,38502100
449,29491615;2,38502100
449,62259615;2,38502100
449,95027615;2,38502100
450,27795614;2,38502100
450,60563614;2,42988400
450,93331614;2,38502100
451,26099614;2,38502100
451,58867614;2,38502100
451,91635613;2,38502100
452,24403613;2,38502100
452,57171613;2,38502100
452,89939613;2,38502100
453,22707613;2,38502100
453,55475612;2,38502100
453,88243612;2,38502100
454,21011612;2,38502100
454,53779612;2,38502100
454,86547612;2,38502100
455,19315611;2,38502100
455,52083611;2,38502100
455,84851611;2,38502100
456,17619611;2,38502100
456,50387611;2,38502100
456,83155610;2,38502100
457,15923610;2,38502100
457,48691610;2,38502100
457,81459610;2,38502100
458,14227610;2,38502100
458,46995609;2,38502100
458,79763609;2,38502100
459,12531609;2,38502100
459,45299609;2,38502100
459,78067609;2,38502100
460,10835608;2,38502100
460,43603608;2,38502100
460,76371608;2,38502100
461,09139608;2,38502100
461,41907608;2,38502100
461,74675607;2,38502100
462,07443607;2,38502100
462,40211607;2,38502100
462,72979607;2,38502100
463,05747607;2,38502100
463,38515606;2,38502100
463,71283606;2,38502100
464,04051606;2,42988400
464,36819606;2,38502100
464,69587606;2,38502100
465,02355605;2,38502100
465,35123605;2,38502100
465,67891605;2,38502100
466,00659605;2,38502100
466,33427605;2,38502100
466,66195604;2,38502100
466,98963604;2,38502100
467,31731604;2,38502100
467,64499604;2,38502100
467,97267604;2,38502100
468,30035603;2,38502100
468,62803603;2,42988400
468,95571603;2,38502100
469,28339603;2,38502100
469,61107603;2,38502100
469,93875602;2,38502100
470,26643602;2,38502100
470,59411602;2,38502100
470,92179602;2,38502100
471,24947602;2,38502100
471,57715601;2,38502100
471,90483601;2,38502100
472,23251601;2,38502100
472,56019601;2,38502100
472,88787601;2,38502100
473,21555601;2,38502100
473,54323600;2,38502100
473,87091600;2,38502100
474,19859600;2,38502100
474,52627600;2,42988400
474,85395600;2,38502100
475,18163599;2,38502100
475,50931599;2,38502100
475,83699599;2,38502100
476,16467599;2,38502100
476,49235599;2,38502100
476,82003598;2,38502100
477,14771598;2,38502100
477,47539598;2,38502100
477,80307598;2,38502100
478,13075598;2,38502100
478,45843597;2,38502100
478,78611597;2,38502100
479,11379597;2,38502100
479,44147597;2,38502100
479,76915597;2,38502100
480,09683596;2,38502100
480,42451596;2,38502100
480,75219596;2,38502100
481,07987596;2,38502100
481,40755596;2,38502100
481,73523595;2,38502100
482,06291595;2,38502100
482,39059595;2,38502100
482,71827595;2,38502100
483,04595595;2,38502100
483,37363594;2,38502100
483,70131594;2,38502100
484,02899594;2,38502100
484,35667594;2,38502100
484,68435594;2,38502100
485,01203593;2,38502100
485,33971593;2,38502100
485,66739593;2,38502100
485,99507593;2,38502100
486,32275593;2,38502100
486,65043592;2,38502100
486,97811592;2,38502100
487,30579592;2,38502100
487,63347592;2,38502100
487,96115592;2,38502100
488,28883591;2,38502100
488,61651591;2,38502100
488,94419591;2,38502100
489,27187591;2,42988400
489,59955591;2,42988400
489,92723590;2,38502100
490,25491590;2,38502100
490,58259590;2,38502100
490,91027590;2,38502100
491,23795590;2,38502100
491,56563589;2,38502100
491,89331589;2,38502100
492,22099589;2,38502100
492,54867589;2,38502100
492,87635589;2,38502100
493,20403588;2,38502100
493,53171588;2,38502100
493,85939588;2,38502100
494,18707588;2,42988400
494,51475588;2,38502100
494,84243587;2,38502100
495,17011587;2,38502100
495,49779587;2,38502100
495,82547587;2,38502100
496,15315587;2,38502100
496,48083586;2,38502100
496,80851586;2,38502100
497,13619586;2,38502100
497,46387586;2,38502100
497,79155586;2,38502100
498,11923585;2,38502100
498,44691585;2,38502100
498,77459585;2,38502100
499,10227585;2,38502100
499,42995585;2,38502100
499,75763584;2,38502100
500,08531584;2,38502100
500,41299584;2,38502100
500,74067584;2,38502100
501,06835584;2,38502100
501,39603583;2,38502100
501,72371583;2,38502100
502,05139583;2,38502100
502,37907583;2,38502100
502,70675583;2,38502100
503,03443582;2,38502100
503,36211582;2,38502100
503,68979582;2,38502100
504,01747582;2,38502100
504,34515582;2,38502100
504,67283581;2,38502100
505,00051581;2,38502100
505,32819581;2,38502100
505,65587581;2,38502100
505,98355581;2,38502100
506,31123580;2,38502100
506,63891580;2,38502100
506,96659580;2,38502100
507,29427580;2,38502100
507,62195580;2,38502100
507,94963579;2,38502100
508,27731579;2,38502100
508,60499579;2,38502100
508,93267579;2,38502100
509,26035579;2,38502100
509,58803578;2,38502100
509,91571578;2,38502100
510,24339578;2,38502100
510,57107578;2,38502100
510,89875578;2,38502100
511,22643577;2,38502100
511,55411577;2,38502100
511,88179577;2,38502100
512,20947577;2,38502100
