Temps;A - B
(ms);(V)

-5,00008484;-0,03097630
-4,99752484;0,01480138
-4,99496484;-0,03006077
-4,99240484;0,01556444
-4,98984484;-0,02929771
-4,98728484;-0,02929771
-4,98472484;-0,02838218
-4,98216484;0,01739550
-4,97960484;0,01739550
-4,97704484;-0,02746665
-4,97448484;0,01815856
-4,97192484;-0,02670372
-4,96936484;0,01907408
-4,96680484;-0,02578807
-4,96424484;0,01983702
-4,96168484;0,02075255
-4,95912484;0,02075255
-4,95656484;0,02075255
-4,95400484;-0,02410960
-4,95144484;0,02166820
-4,94888484;-0,02319407
-4,94632484;0,02243114
-4,94376484;0,02243114
-4,94120484;-0,02243102
-4,93864484;0,06912446
-4,93608484;-0,02151561
-4,93352484;0,02426219
-4,93096484;-0,02059996
-4,92840484;-0,02059996
-4,92584484;0,02502525
-4,92328484;-0,01983702
-4,92072484;0,02594066
-4,91816484;-0,01892149
-4,91560484;0,02670372
-4,91304484;0,02670372
-4,91048484;0,02761924
-4,90792484;-0,01709032
-4,90536484;-0,01709032
-4,90280484;0,02868748
-4,90024484;-0,01617479
-4,89768484;0,02945030
-4,89512485;-0,01541185
-4,89256485;0,03036582
-4,89000485;0,03036582
-4,88744485;-0,05935860
-4,88488485;-0,01358080
-4,88232485;-0,01358080
-4,87976485;-0,01281786
-4,87720485;-0,01281786
-4,87464485;-0,01190233
-4,87208485;-0,01190233
-4,86952485;0,03372288
-4,86696485;-0,01113915
-4,86440485;0,03463864
-4,86184485;-0,01022363
-4,85928485;-0,01022363
-4,85672485;0,03555417
-4,85416485;-0,00930810
-4,85160485;-0,00930810
-4,84904485;-0,00854540
-4,84648485;-0,00854540
-4,84392485;-0,00762963
-4,84136485;-0,00762963
-4,83880485;-0,00671411
-4,83624485;-0,00671411
-4,83368485;-0,00671411
-4,83112485;0,03891110
-4,82856485;-0,00595117
-4,82600485;-0,00595117
-4,82344485;-0,00503540
-4,82088485;-0,00427246
-4,81832485;-0,00427246
-4,81576485;-0,00335693
-4,81320485;-0,00335693
-4,81064485;0,04242063
-4,80808485;-0,00244165
-4,80552485;-0,00244165
-4,80296485;-0,00244165
-4,80040485;-0,04730368
-4,79784485;-0,04654074
-4,79528485;-0,00076294
-4,79272485;0,00015259
-4,79016485;0,00015259
-4,78760485;0,00015259
-4,78504485;-0,04470968
-4,78248485;0,00091553
-4,77992485;0,00198388
-4,77736485;0,00198388
-4,77480485;-0,04287839
-4,77224485;0,00274682
-4,76968485;0,00366211
-4,76712485;0,00366211
-4,76456485;0,00366211
-4,76200485;0,04943991
-4,75944485;0,00457764
-4,75688485;-0,04028440
-4,75432485;-0,04028440
-4,75176485;0,00534082
-4,74920485;0,00625634
-4,74664485;0,00625634
-4,74408485;0,00717187
-4,74152485;0,00717187
-4,73896485;0,05279708
-4,73640485;0,00793481
-4,73384485;0,00793481
-4,73128485;0,00885034
-4,72872485;0,00885034
-4,72616485;-0,03601193
-4,72360485;0,00961328
-4,72104485;0,01052880
-4,71848485;0,01052880
-4,71592485;0,01052880
-4,71336485;0,01144433
-4,71080485;-0,03341770
-4,70824485;-0,03341770
-4,70568485;-0,03265476
-4,70312485;-0,03265476
-4,70056485;0,01312304
-4,69800485;-0,03173923
-4,69544485;0,01403856
-4,69288485;-0,03082371
-4,69032485;-0,03082371
-4,68776485;0,01480126
-4,68520485;0,01571703
-4,68264485;0,01571703
-4,68008485;0,01647997
-4,67752485;0,06225777
-4,67496485;0,01739550
-4,67240485;0,01739550
-4,66984485;0,01739550
-4,66728485;0,01831102
-4,66472485;0,01831102
-4,66216485;-0,02655101
-4,65960485;0,01907420
-4,65704485;0,02014232
-4,65448485;0,02014232
-4,65192485;0,06591988
-4,64936485;0,02105761
-4,64680485;-0,02380443
-4,64424485;0,02182078
-4,64168485;0,02182078
-4,63912485;-0,02304149
-4,63656485;-0,02212596
-4,63400485;-0,02212596
-4,63144485;-0,02136326
-4,62888485;0,02441454
-4,62632485;0,02441454
-4,62376485;0,02441454
-4,62120485;0,02533007
-4,61864485;0,02533007
-4,61608485;-0,01953220
-4,61352485;-0,06439400
-4,61096485;-0,01876879
-4,60840485;0,02700901
-4,60584485;-0,01785326
-4,60328485;0,02792454
-4,60072485;0,02792454
-4,59816485;-0,01693773
-4,59560485;-0,01693773
-4,59304485;-0,01617479
-4,59048485;-0,01525927
-4,58792485;-0,01525927
-4,58536485;0,03036594
-4,58280485;0,03036594
-4,58024485;0,03128147
-4,57768485;0,03128147
-4,57512485;0,03219700
-4,57256485;0,03219700
-4,57000485;-0,01266527
-4,56744485;0,03295994
-4,56488485;-0,01190186
-4,56232485;0,03387594
-4,55976485;-0,01098633
-4,55720485;0,03479147
-4,55464485;0,03479147
-4,55208485;0,03555393
-4,54952485;0,03555393
-4,54696485;-0,00930834
-4,54440485;0,03646946
-4,54184485;0,03723240
-4,53928485;-0,00747728
-4,53672485;-0,00747728
-4,53416485;0,03830051
-4,53160485;-0,00656176
-4,52904485;-0,00656176
-4,52648485;-0,05142403
-4,52392485;-0,00656176
-4,52136485;0,03830051
-4,51880485;0,03830051
-4,51624485;-0,00747728
-4,51368485;-0,00839281
-4,51112485;-0,00839281
-4,50856485;0,03646946
-4,50600485;-0,00930834
-4,50344485;0,03555393
-4,50088485;-0,01007080
-4,49832485;0,03479147
-4,49576485;0,03479147
-4,49320485;0,03387594
-4,49064485;-0,01190186
-4,48808485;0,03295994
-4,48552485;-0,01266527
-4,48296485;0,03219700
-4,48040485;0,03219700
-4,47784485;-0,01358080
-4,47528485;0,03128147
-4,47272485;0,03128147
-4,47016485;0,03036594
-4,46760485;-0,01525927
-4,46504485;-0,01525927
-4,46248485;0,02960300
-4,45992485;-0,01617479
-4,45736485;0,02868748
-4,45480485;-0,01693773
-4,45224485;-0,01693773
-4,44968485;-0,01785326
-4,44712485;-0,01785326
-4,44456485;-0,01876879
-4,44200485;-0,01876879
-4,43944485;-0,01953220
-4,43688485;-0,01953220
-4,43432485;0,02533007
-4,43176485;0,02441454
-4,42920485;0,02441454
-4,42664485;0,02441454
-4,42408485;0,02349901
-4,42152485;-0,02212596
-4,41896485;-0,02212596
-4,41640485;0,02273631
-4,41384485;0,02182078
-4,41128485;0,02182078
-4,40872485;-0,02380443
-4,40616485;0,02105761
-4,40360485;0,02105761
-4,40104485;0,02014232
-4,39848485;0,02014232
-4,39592485;-0,02563548
-4,39336485;0,01907420
-4,39080485;-0,02655101
-4,38824485;0,01831102
-4,38568485;0,01831102
-4,38312485;0,01739550
-4,38056485;0,01739550
-4,37800485;-0,02838230
-4,37544485;0,01647997
-4,37288485;-0,02914524
-4,37032485;0,01571703
-4,36776485;-0,03006077
-4,36520485;-0,03006077
-4,36264485;-0,03082371
-4,36008485;0,01403856
-4,35752485;0,01403856
-4,35496485;-0,03173923
-4,35240485;0,01312304
-4,34984485;-0,03265476
-4,34728485;0,01220751
-4,34472485;-0,03341770
-4,34216485;0,01144433
-4,33960485;0,01144433
-4,33704485;-0,03433347
-4,33448485;0,01052880
-4,33192485;-0,03524899
-4,32936485;0,00961328
-4,32680485;0,05447555
-4,32424485;0,00885034
-4,32168485;0,00885034
-4,31912485;0,00793481
-4,31656485;-0,03769040
-4,31400485;0,00717187
-4,31144485;0,00717187
-4,30888485;0,00717187
-4,30632485;0,00625634
-4,30376485;0,05111861
-4,30120485;0,00534082
-4,29864485;0,00534082
-4,29608485;0,00457764
-4,29352485;0,04943991
-4,29096485;0,00366211
-4,28840485;0,00366211
-4,28584485;0,00366211
-4,28328485;-0,04211545
-4,28072485;0,00274682
-4,27816485;0,00198388
-4,27560485;0,00198388
-4,27304485;0,00091553
-4,27048485;0,00091553
-4,26792485;0,04577780
-4,26536485;0,00015259
-4,26280485;0,00015259
-4,26024485;-0,00076294
-4,25768485;-0,00076294
-4,25512485;-0,00167847
-4,25256485;-0,04730368
-4,25000485;-0,04730368
-4,24744485;-0,00244165
-4,24488485;0,04242063
-4,24232485;-0,00335693
-4,23976485;-0,00335693
-4,23720485;0,04150534
-4,23464485;-0,00427246
-4,23208485;-0,04989767
-4,22952485;-0,00503540
-4,22696485;0,03982663
-4,22440485;-0,00595117
-4,22184485;-0,05157638
-4,21928485;-0,00671411
-4,21672485;-0,00671411
-4,21416485;0,03814816
-4,21160485;-0,00762963
-4,20904485;-0,00762963
-4,20648485;-0,00854540
-4,20392485;0,03631687
-4,20136485;-0,00930810
-4,19880485;-0,00930810
-4,19624485;-0,01022363
-4,19368485;-0,01022363
-4,19112485;0,03463864
-4,18856485;0,03463864
-4,18600485;-0,01113915
-4,18344485;-0,01113915
-4,18088485;-0,01190233
-4,17832485;0,03295994
-4,17576485;0,03204441
-4,17320485;0,03204441
-4,17064485;-0,01358080
-4,16808485;-0,01358080
-4,16552485;0,03128147
-4,16296485;0,03036582
-4,16040485;-0,01541185
-4,15784485;-0,01541185
-4,15528485;-0,01617479
-4,15272485;-0,01617479
-4,15016485;0,02868748
-4,14760485;-0,01709032
-4,14504485;-0,01709032
-4,14248485;0,02761924
-4,13992485;-0,01815856
-4,13736485;0,02670372
-4,13480485;-0,01892149
-4,13224485;0,02594066
-4,12968485;0,02594066
-4,12712485;0,02502525
-4,12456485;0,02502525
-4,12200485;-0,02059996
-4,11944485;-0,02059996
-4,11688485;0,02426219
-4,11432485;0,02334666
-4,11176485;-0,02243102
-4,10920485;0,02243114
-4,10664485;-0,02319407
-4,10408485;-0,02319407
-4,10152485;0,02166820
-4,09896485;-0,02410960
-4,09640485;-0,02410960
-4,09384485;0,02075255
-4,09128485;0,06561482
-4,08872485;0,01983702
-4,08616485;0,01983702
-4,08360485;0,01907408
-4,08104485;0,01815856
-4,07848485;0,01815856
-4,07592485;0,01815856
-4,07336485;-0,02746665
-4,07080485;0,01739550
-4,06824485;0,01739550
-4,06568485;0,01648009
-4,06312485;0,06134224
-4,06056485;0,01556444
-4,05800485;-0,03006077
-4,05544485;0,01480138
-4,05288485;-0,03097630
-4,05032485;-0,03097630
-4,04776485;0,01388597
-4,04520485;-0,03189182
-4,04264485;0,01297033
-4,04008485;0,01297033
-4,03752485;0,05783260
-4,03496485;-0,03357041
-4,03240485;0,01129180
-4,02984485;0,01129180
-4,02728485;-0,03433329
-4,02472485;0,01052892
-4,02216485;0,01052892
-4,01960485;0,00946075
-4,01704485;-0,03631699
-4,01448485;0,05432296
-4,01192485;0,00854522
-4,00936485;-0,03707999
-4,00680485;0,00778222
-4,00424485;0,00778222
-4,00168485;-0,03707999
-3,99912485;0,00854522
-3,99656485;0,00854522
-3,99400485;0,00946075
-3,99144485;0,00946075
-3,98888485;0,01052892
-3,98632485;0,01052892
-3,98376485;-0,03433329
-3,98120485;-0,03433329
-3,97864485;0,01129180
-3,97608485;0,01220739
-3,97352485;0,05783260
-3,97096485;0,01297033
-3,96840485;-0,03189182
-3,96584485;0,01388597
-3,96328485;-0,03097630
-3,96072485;0,01480138
-3,95816485;0,01480138
-3,95560485;-0,03006077
-3,95304485;0,01556444
-3,95048485;-0,02929771
-3,94792485;0,01648009
-3,94536485;0,06225777
-3,94280485;0,01739550
-3,94024485;-0,02746665
-3,93768485;-0,02746665
-3,93512485;0,01815856
-3,93256485;0,01815856
-3,93000485;0,01907408
-3,92744485;-0,02578807
-3,92488485;-0,02578807
-3,92232485;0,01983702
-3,91976485;-0,02502525
-3,91720485;0,02075255
-3,91464485;0,02075255
-3,91208485;0,02166820
-3,90952485;0,02166820
-3,90696485;0,02166820
-3,90440485;-0,02319407
-3,90184485;-0,02243102
-3,89928485;0,02334666
-3,89672485;-0,02151561
-3,89416485;0,02426219
-3,89160485;-0,02059996
-3,88904485;-0,02059996
-3,88648485;0,02502525
-3,88392485;-0,01983702
-3,88136485;-0,01983702
-3,87880485;0,02594066
-3,87624485;-0,01892149
-3,87368485;-0,01815856
-3,87112485;0,02761924
-3,86856485;0,02761924
-3,86600485;0,02761924
-3,86344485;0,02868748
-3,86088485;0,02868748
-3,85832485;-0,01617479
-3,85576485;0,02945030
-3,85320485;-0,01541185
-3,85064485;-0,01541185
-3,84808485;0,03128147
-3,84552485;0,03128147
-3,84296485;-0,01358080
-3,84040485;0,03204441
-3,83784485;-0,01281786
-3,83528485;-0,01281786
-3,83272485;0,03295994
-3,83016485;-0,01190233
-3,82760485;-0,01113915
-3,82504485;-0,01113915
-3,82248485;0,03463864
-3,81992485;-0,01022363
-3,81736485;0,03555417
-3,81480485;-0,01022363
-3,81224485;-0,00930810
-3,80968485;-0,00930810
-3,80712485;-0,00854540
-3,80456485;0,03723240
-3,80200485;-0,00762963
-3,79944485;0,03814816
-3,79688485;-0,00671411
-3,79432485;-0,00671411
-3,79176485;0,03891110
-3,78920485;-0,00595117
-3,78664485;-0,05081320
-3,78408485;-0,00503540
-3,78152485;-0,04989767
-3,77896485;-0,00427246
-3,77640485;-0,00427246
-3,77384485;-0,00335693
-3,77128485;-0,00335693
-3,76872485;-0,00335693
-3,76616485;-0,00244165
-3,76360485;-0,00244165
-3,76104485;-0,00167847
-3,75848485;-0,00167847
-3,75592485;-0,00076294
-3,75336485;-0,00076294
-3,75080485;0,00015259
-3,74824485;0,00015259
-3,74568485;0,00015259
-3,74312485;0,00091553
-3,74056485;0,00091553
-3,73800485;0,04669333
-3,73544485;0,00198388
-3,73288485;0,00274682
-3,73032485;0,00274682
-3,72776485;0,00366211
-3,72520485;0,00366211
-3,72264485;0,04943991
-3,72008485;0,00457764
-3,71752485;0,00457764
-3,71496485;-0,04028440
-3,71240485;0,00534082
-3,70984485;-0,03952146
-3,70728485;0,00625634
-3,70472485;0,00717187
-3,70216485;0,05203414
-3,69960485;0,00717187
-3,69704485;0,00717187
-3,69448485;0,00793481
-3,69192485;0,00793481
-3,68936485;0,00885034
-3,68680485;-0,03601193
-3,68424485;0,00961328
-3,68168485;0,00961328
-3,67912485;0,01052880
-3,67656485;0,01052880
-3,67400485;-0,03433347
-3,67144485;0,01144433
-3,66888485;-0,03341770
-3,66632485;0,01220751
-3,66376485;-0,03265476
-3,66120485;0,01312304
-3,65864485;-0,03173923
-3,65608485;0,01403856
-3,65352485;0,01403856
-3,65096485;0,01480126
-3,64840485;0,01480126
-3,64584485;-0,03006077
-3,64328485;-0,02914524
-3,64072485;0,01571703
-3,63816485;0,01647997
-3,63560485;0,01739550
-3,63304485;0,01739550
-3,63048485;0,01739550
-3,62792485;0,01831102
-3,62536485;0,01831102
-3,62280485;0,01831102
-3,62024485;-0,02655101
-3,61768485;0,01907420
-3,61512485;0,02014232
-3,61256485;-0,02471995
-3,61000485;0,02105761
-3,60744485;0,02105761
-3,60488485;-0,02380443
-3,60232485;-0,02304149
-3,59976485;-0,02304149
-3,59720485;-0,02304149
-3,59464485;-0,02212596
-3,59208485;0,02349901
-3,58952485;0,02349901
-3,58696485;0,02441454
-3,58440485;0,02441454
-3,58184485;-0,02044773
-3,57928485;0,02533007
-3,57672485;-0,01953220
-3,57416485;-0,01953220
-3,57160485;0,02609301
-3,56904485;-0,01876879
-3,56648485;-0,01785326
-3,56392485;0,02792454
-3,56136485;0,02792454
-3,55880485;-0,01693773
-3,55624485;-0,01693773
-3,55368485;0,02868748
-3,55112485;0,02960300
-3,54856485;-0,01525927
-3,54600485;-0,01525927
-3,54344485;-0,01449633
-3,54088485;-0,01449633
-3,53832485;-0,01358080
-3,53576485;-0,01358080
-3,53320485;0,03219700
-3,53064485;-0,01266527
-3,52808485;-0,05752707
-3,52552485;-0,01190186
-3,52296485;0,03387594
-3,52040485;0,03387594
-3,51784485;-0,01098633
-3,51528485;0,03479147
-3,51272485;-0,01007080
-3,51016485;0,03555393
-3,50760485;-0,00930834
-3,50504485;-0,00930834
-3,50248485;-0,00839281
-3,49992485;0,03723240
-3,49736485;-0,00747728
-3,49480485;0,03830051
-3,49224485;0,03830051
-3,48968485;-0,00656176
-3,48712485;-0,05142403
-3,48456485;0,03921604
-3,48200485;-0,00656176
-3,47944485;0,03830051
-3,47688485;-0,00747728
-3,47432485;0,03723240
-3,47176485;-0,00839281
-3,46920485;-0,00930834
-3,46664485;-0,00930834
-3,46408485;0,03555393
-3,46152485;0,03555393
-3,45896485;-0,01007080
-3,45640485;0,03479147
-3,45384485;-0,01098633
-3,45128485;-0,01098633
-3,44872485;-0,01190186
-3,44616485;0,03295994
-3,44360485;-0,01266527
-3,44104485;-0,01266527
-3,43848485;0,03219700
-3,43592485;-0,01358080
-3,43336485;0,03128147
-3,43080485;-0,01449633
-3,42824485;0,03036594
-3,42568485;0,03036594
-3,42312485;0,02960300
-3,42056485;-0,01617479
-3,41800485;0,02868748
-3,41544485;-0,01693773
-3,41288485;-0,01693773
-3,41032485;0,02792454
-3,40776485;-0,01785326
-3,40520485;0,02700901
-3,40264485;-0,01876879
-3,40008485;-0,06439400
-3,39752485;-0,01953220
-3,39496485;-0,01953220
-3,39240485;-0,02044773
-3,38984485;0,02441454
-3,38728485;0,02441454
-3,38472485;-0,02136326
-3,38216485;0,02349901
-3,37960485;-0,02212596
-3,37704485;0,02273631
-3,37448485;0,02273631
-3,37192485;0,02182078
-3,36936485;0,02182078
-3,36680485;0,02105761
-3,36424485;0,02105761
-3,36168485;0,02105761
-3,35912485;0,02014232
-3,35656485;0,02014232
-3,35400485;0,01907420
-3,35144485;-0,02655101
-3,34888485;0,01831102
-3,34632485;0,01831102
-3,34376485;0,01739550
-3,34120485;0,01739550
-3,33864485;0,01739550
-3,33608485;0,01647997
-3,33352485;0,01647997
-3,33096485;0,01647997
-3,32840485;0,01571703
-3,32584485;-0,03006077
-3,32328485;0,01480126
-3,32072485;-0,03082371
-3,31816485;0,01403856
-3,31560485;0,01403856
-3,31304485;-0,03173923
-3,31048485;0,01312304
-3,30792485;-0,03265476
-3,30536485;-0,03341770
-3,30280485;0,01144433
-3,30024485;0,01144433
-3,29768485;0,01052880
-3,29512485;-0,03433347
-3,29256485;0,05539107
-3,29000485;0,00961328
-3,28744485;-0,03601193
-3,28488485;0,00885034
-3,28232485;0,00885034
-3,27976485;0,00793481
-3,27720485;0,00793481
-3,27464485;0,00717187
-3,27208485;0,00717187
-3,26952485;0,00717187
-3,26696485;0,00625634
-3,26440485;0,00625634
-3,26184485;0,00534082
-3,25928485;0,00534082
-3,25672485;-0,04028440
-3,25416485;0,00457764
-3,25160485;0,00366211
-3,24904486;0,00366211
-3,24648486;0,00366211
-3,24392486;0,04852438
-3,24136486;0,00274682
-3,23880486;0,00274682
-3,23624486;0,00198388
-3,23368486;0,00091553
-3,23112486;0,00091553
-3,22856486;0,04577780
-3,22600486;0,00015259
-3,22344486;0,00015259
-3,22088486;0,00015259
-3,21832486;-0,00076294
-3,21576486;-0,00076294
-3,21320486;-0,00167847
-3,21064486;-0,04730368
-3,20808486;-0,00244165
-3,20552486;-0,04821920
-3,20296486;-0,04821920
-3,20040486;-0,00335693
-3,19784486;-0,00335693
-3,19528486;-0,00427246
-3,19272486;-0,04989767
-3,19016486;-0,04989767
-3,18760486;-0,00503540
-3,18504486;-0,00595117
-3,18248486;-0,00595117
-3,17992486;-0,00671411
-3,17736486;-0,00671411
-3,17480486;0,03814816
-3,17224486;0,03814816
-3,16968486;-0,00762963
-3,16712486;-0,00762963
-3,16456486;-0,00854540
-3,16200486;-0,00930810
-3,15944486;-0,00930810
-3,15688486;0,03555417
-3,15432486;-0,01022363
-3,15176486;-0,01022363
-3,14920486;-0,01113915
-3,14664486;-0,01113915
-3,14408486;-0,01113915
-3,14152486;-0,01190233
-3,13896486;0,03295994
-3,13640486;-0,01281786
-3,13384486;0,03204441
-3,13128486;0,03204441
-3,12872486;-0,01358080
-3,12616486;-0,01449633
-3,12360486;-0,01449633
-3,12104486;-0,06027400
-3,11848486;-0,01541185
-3,11592486;-0,01617479
-3,11336486;-0,01617479
-3,11080486;-0,01617479
-3,10824486;0,02868748
-3,10568486;-0,01709032
-3,10312486;-0,01709032
-3,10056486;0,02761924
-3,09800486;-0,01815856
-3,09544486;-0,01892149
-3,09288486;0,02594066
-3,09032486;0,02594066
-3,08776486;0,02502525
-3,08520486;0,02502525
-3,08264486;-0,02059996
-3,08008486;-0,02059996
-3,07752486;0,02426219
-3,07496486;0,02426219
-3,07240486;0,02334666
-3,06984486;-0,02243102
-3,06728486;0,02243114
-3,06472486;-0,02319407
-3,06216486;0,02166820
-3,05960486;-0,02410960
-3,05704486;-0,02410960
-3,05448486;0,02075255
-3,05192486;-0,02502525
-3,04936486;0,01983702
-3,04680486;-0,02578807
-3,04424486;-0,02578807
-3,04168486;0,01907408
-3,03912486;0,01815856
-3,03656486;-0,02746665
-3,03400486;-0,02746665
-3,03144486;0,01739550
-3,02888486;-0,02838218
-3,02632486;0,01648009
-3,02376486;0,01648009
-3,02120486;-0,02929771
-3,01864486;-0,03006077
-3,01608486;-0,03006077
-3,01352486;0,01480138
-3,01096486;-0,03097630
-3,00840486;0,01388597
-3,00584486;0,01388597
-3,00328486;-0,03189182
-3,00072486;0,01297033
-2,99816486;0,01220739
-2,99560486;0,01220739
-2,99304486;0,01129180
-2,99048486;0,01129180
-2,98792486;0,01129180
-2,98536486;0,01052892
-2,98280486;0,01052892
-2,98024486;0,05523854
-2,97768486;0,00946075
-2,97512486;0,00946075
-2,97256486;0,05432296
-2,97000486;0,00778222
-2,96744486;0,00778222
-2,96488486;-0,03799552
-2,96232486;0,00778222
-2,95976486;-0,03707999
-2,95720486;0,00854522
-2,95464486;-0,03631699
-2,95208486;0,00946075
-2,94952486;0,00946075
-2,94696486;0,01052892
-2,94440486;0,01052892
-2,94184486;0,01129180
-2,93928486;0,01129180
-2,93672486;0,05706960
-2,93416486;0,01220739
-2,93160486;0,01297033
-2,92904486;0,01297033
-2,92648486;0,01388597
-2,92392486;0,01388597
-2,92136486;0,01388597
-2,91880486;-0,03097630
-2,91624486;0,01480138
-2,91368486;-0,03006077
-2,91112486;0,01556444
-2,90856486;-0,02929771
-2,90600486;0,01648009
-2,90344486;-0,02838218
-2,90088486;0,01739550
-2,89832486;-0,02746665
-2,89576486;-0,02746665
-2,89320486;0,01815856
-2,89064486;0,01907408
-2,88808486;0,01907408
-2,88552486;-0,02578807
-2,88296486;0,01983702
-2,88040486;0,01983702
-2,87784486;0,02075255
-2,87528486;0,02075255
-2,87272486;-0,02410960
-2,87016486;0,02166820
-2,86760486;0,02166820
-2,86504486;-0,02319407
-2,86248486;0,02243114
-2,85992486;0,02334666
-2,85736486;-0,02151561
-2,85480486;0,02426219
-2,85224486;0,02426219
-2,84968486;-0,02059996
-2,84712486;-0,02059996
-2,84456486;0,02502525
-2,84200486;-0,01983702
-2,83944486;0,02594066
-2,83688486;-0,01892149
-2,83432486;0,02670372
-2,83176486;-0,01815856
-2,82920486;0,02761924
-2,82664486;-0,01709032
-2,82408486;-0,01709032
-2,82152486;-0,01617479
-2,81896486;-0,01617479
-2,81640486;-0,06103694
-2,81384486;-0,01541185
-2,81128486;0,03036582
-2,80872486;-0,01449633
-2,80616486;0,03128147
-2,80360486;0,03128147
-2,80104486;-0,01358080
-2,79848486;0,03204441
-2,79592486;-0,01281786
-2,79336486;0,03295994
-2,79080486;-0,01190233
-2,78824486;0,03372288
-2,78568486;-0,01113915
-2,78312486;-0,01113915
-2,78056486;-0,01022363
-2,77800486;-0,01022363
-2,77544486;0,03555417
-2,77288486;0,03555417
-2,77032486;-0,00930810
-2,76776486;-0,00854540
-2,76520486;-0,00854540
-2,76264486;-0,00762963
-2,76008486;-0,00762963
-2,75752486;-0,00671411
-2,75496486;-0,00671411
-2,75240486;-0,00671411
-2,74984486;-0,00595117
-2,74728486;-0,00595117
-2,74472486;0,03982663
-2,74216486;-0,00503540
-2,73960486;-0,04989767
-2,73704486;-0,00427246
-2,73448486;0,04150534
-2,73192486;-0,00335693
-2,72936486;-0,00335693
-2,72680486;-0,04821920
-2,72424486;-0,00244165
-2,72168486;-0,04730368
-2,71912486;-0,00167847
-2,71656486;0,04409933
-2,71400486;-0,00076294
-2,71144486;0,00015259
-2,70888486;0,00015259
-2,70632486;0,00015259
-2,70376486;-0,04470968
-2,70120486;0,00091553
-2,69864486;0,00198388
-2,69608486;0,00198388
-2,69352486;0,00274682
-2,69096486;0,00274682
-2,68840486;0,00274682
-2,68584486;0,00366211
-2,68328486;0,00366211
-2,68072486;0,00457764
-2,67816486;0,00457764
-2,67560486;0,00457764
-2,67304486;0,05020285
-2,67048486;0,00534082
-2,66792486;0,05111861
-2,66536486;0,05203414
-2,66280486;0,00717187
-2,66024486;0,00717187
-2,65768486;0,00717187
-2,65512486;0,00793481
-2,65256486;0,00793481
-2,65000486;0,00885034
-2,64744486;0,00885034
-2,64488486;0,00961328
-2,64232486;0,00961328
-2,63976486;0,05539107
-2,63720486;0,01052880
-2,63464486;-0,03433347
-2,63208486;0,01144433
-2,62952486;-0,03341770
-2,62696486;-0,03341770
-2,62440486;0,01220751
-2,62184486;-0,03265476
-2,61928486;-0,03173923
-2,61672486;-0,03173923
-2,61416486;0,01403856
-2,61160486;0,01403856
-2,60904486;0,01480126
-2,60648486;0,01480126
-2,60392486;-0,03006077
-2,60136486;0,01571703
-2,59880486;-0,02914524
-2,59624486;0,01647997
-2,59368486;0,01647997
-2,59112486;0,01739550
-2,58856486;0,01739550
-2,58600486;-0,02746677
-2,58344486;-0,02655101
-2,58088486;-0,02655101
-2,57832486;0,01907420
-2,57576486;0,02014232
-2,57320486;0,02014232
-2,57064486;0,02105761
-2,56808486;0,02105761
-2,56552486;0,02105761
-2,56296486;-0,02380443
-2,56040486;-0,02304149
-2,55784486;0,02273631
-2,55528486;-0,02212596
-2,55272486;0,02349901
-2,55016486;0,02349901
-2,54760486;-0,02136326
-2,54504486;0,02441454
-2,54248486;-0,02044773
-2,53992486;0,02533007
-2,53736486;0,02533007
-2,53480486;-0,01953220
-2,53224486;0,02609301
-2,52968486;-0,01876879
-2,52712486;0,02700901
-2,52456486;-0,01785326
-2,52200486;0,02792454
-2,51944486;0,02792454
-2,51688486;-0,01693773
-2,51432486;-0,01693773
-2,51176486;-0,01617479
-2,50920486;0,02960300
-2,50664486;-0,01525927
-2,50408486;-0,01449633
-2,50152486;0,03128147
-2,49896486;0,03128147
-2,49640486;0,03128147
-2,49384486;0,03219700
-2,49128486;0,03219700
-2,48872486;-0,01266527
-2,48616486;-0,01266527
-2,48360486;-0,01190186
-2,48104486;0,03387594
-2,47848486;-0,01098633
-2,47592486;0,03479147
-2,47336486;-0,01007080
-2,47080486;-0,01007080
-2,46824486;0,03555393
-2,46568486;-0,00930834
-2,46312486;0,03646946
-2,46056486;-0,00839281
-2,45800486;0,03723240
-2,45544486;-0,00747728
-2,45288486;0,03830051
-2,45032486;-0,00656176
-2,44776486;-0,00656176
-2,44520486;-0,00564623
-2,44264486;-0,00656176
-2,44008486;-0,00656176
-2,43752486;-0,00747728
-2,43496486;-0,00747728
-2,43240486;-0,00839281
-2,42984486;-0,00839281
-2,42728486;-0,00930834
-2,42472486;-0,00930834
-2,42216486;-0,01007080
-2,41960486;-0,01007080
-2,41704486;0,03479147
-2,41448486;-0,01098633
-2,41192486;-0,01098633
-2,40936486;0,03387594
-2,40680486;-0,01190186
-2,40424486;-0,01266527
-2,40168486;0,03219700
-2,39912486;0,03219700
-2,39656486;-0,01358080
-2,39400486;-0,01358080
-2,39144486;-0,01449633
-2,38888486;-0,01449633
-2,38632486;0,03036594
-2,38376486;-0,01525927
-2,38120486;0,02960300
-2,37864486;0,02868748
-2,37608486;0,02868748
-2,37352486;-0,01693773
-2,37096486;0,02792454
-2,36840486;-0,01785326
-2,36584486;-0,01785326
-2,36328486;-0,01876879
-2,36072486;-0,01876879
-2,35816486;0,02609301
-2,35560486;-0,01953220
-2,35304486;-0,02044773
-2,35048486;-0,02044773
-2,34792486;0,02441454
-2,34536486;0,02441454
-2,34280486;0,02349901
-2,34024486;0,02349901
-2,33768486;-0,02212596
-2,33512486;0,02273631
-2,33256486;-0,02304149
-2,33000486;0,02182078
-2,32744486;0,02105761
-2,32488486;0,02105761
-2,32232486;0,02105761
-2,31976486;0,02014232
-2,31720486;-0,02563548
-2,31464486;0,01907420
-2,31208486;0,01907420
-2,30952486;0,01831102
-2,30696486;0,01831102
-2,30440486;0,01831102
-2,30184486;0,01739550
-2,29928486;0,01739550
-2,29672486;0,06225777
-2,29416486;0,01647997
-2,29160486;-0,02914524
-2,28904486;0,01571703
-2,28648486;-0,03006077
-2,28392486;0,01480126
-2,28136486;0,01480126
-2,27880486;0,01403856
-2,27624486;0,01403856
-2,27368486;0,01312304
-2,27112486;0,01312304
-2,26856486;-0,03265476
-2,26600486;-0,03341770
-2,26344486;-0,03341770
-2,26088486;0,01144433
-2,25832486;0,01052880
-2,25576486;0,01052880
-2,25320486;0,01052880
-2,25064486;0,05539107
-2,24808486;0,00961328
-2,24552486;-0,03601193
-2,24296486;0,00885034
-2,24040486;-0,03692722
-2,23784486;0,00793481
-2,23528486;0,00717187
-2,23272486;0,00717187
-2,23016486;0,00717187
-2,22760486;0,00717187
-2,22504486;0,00625634
-2,22248486;-0,03952146
-2,21992486;0,00534082
-2,21736486;0,00534082
-2,21480486;0,00457764
-2,21224486;0,00457764
-2,20968486;0,04943991
-2,20712486;0,00366211
-2,20456486;0,00366211
-2,20200486;0,04852438
-2,19944486;0,00274682
-2,19688486;0,04760909
-2,19432486;0,00198388
-2,19176486;0,00091553
-2,18920486;0,00091553
-2,18664486;0,00015259
-2,18408486;0,00015259
-2,18152486;0,00015259
-2,17896486;-0,00076294
-2,17640486;-0,00076294
-2,17384486;-0,00167847
-2,17128486;-0,00167847
-2,16872486;-0,00244165
-2,16616486;-0,00244165
-2,16360486;0,04242063
-2,16104486;-0,00335693
-2,15848486;-0,00335693
-2,15592486;-0,00427246
-2,15336486;-0,00427246
-2,15080486;0,04058981
-2,14824486;-0,00503540
-2,14568486;0,03982663
-2,14312486;-0,00595117
-2,14056486;-0,00595117
-2,13800486;-0,00671411
-2,13544486;-0,00671411
-2,13288486;0,03814816
-2,13032486;-0,00762963
-2,12776486;0,03723240
-2,12520486;-0,00854540
-2,12264486;-0,00854540
-2,12008486;-0,00930810
-2,11752486;-0,00930810
-2,11496486;-0,01022363
-2,11240486;-0,01022363
-2,10984486;-0,01022363
-2,10728486;0,03463864
-2,10472486;-0,01113915
-2,10216486;-0,05676436
-2,09960486;-0,01190233
-2,09704486;-0,01190233
-2,09448486;-0,01281786
-2,09192486;0,03204441
-2,08936486;-0,01358080
-2,08680486;-0,01358080
-2,08424486;0,03128147
-2,08168486;-0,01449633
-2,07912486;-0,01541185
-2,07656486;-0,01541185
-2,07400486;-0,06103694
-2,07144486;-0,01617479
-2,06888486;0,02868748
-2,06632486;-0,01709032
-2,06376486;0,02761924
-2,06120486;0,02761924
-2,05864486;0,02761924
-2,05608486;0,02670372
-2,05352486;-0,01892149
-2,05096486;-0,01892149
-2,04840486;-0,01983702
-2,04584486;0,02502525
-2,04328486;-0,02059996
-2,04072486;-0,02059996
-2,03816486;0,02426219
-2,03560486;0,02426219
-2,03304486;-0,02151561
-2,03048486;0,02243114
-2,02792486;-0,02243102
-2,02536486;-0,02319407
-2,02280486;-0,02319407
-2,02024486;0,02166820
-2,01768486;-0,02410960
-2,01512486;-0,02410960
-2,01256486;0,02075255
-2,01000486;0,01983702
-2,00744486;0,01983702
-2,00488486;-0,02578807
-2,00232486;0,01907408
-1,99976486;-0,02670372
-1,99720486;0,01815856
-1,99464486;-0,02746665
-1,99208486;-0,02746665
-1,98952486;0,01739550
-1,98696486;-0,02838218
-1,98440486;0,01648009
-1,98184486;0,01648009
-1,97928486;0,01556444
-1,97672486;-0,03006077
-1,97416486;-0,03006077
-1,97160486;0,01480138
-1,96904486;0,01388597
-1,96648486;0,01388597
-1,96392486;0,01388597
-1,96136486;-0,03189182
-1,95880486;-0,03265488
-1,95624486;0,01220739
-1,95368486;0,01220739
-1,95112486;0,01129180
-1,94856486;0,01129180
-1,94600486;-0,03433329
-1,94344486;-0,03433329
-1,94088486;0,01052892
-1,93832486;0,00946075
-1,93576486;0,00946075
-1,93320486;0,00854522
-1,93064486;-0,03707999
-1,92808486;0,00778222
-1,92552486;0,00778222
-1,92296486;0,00778222
-1,92040486;0,00778222
-1,91784486;0,00854522
-1,91528486;0,00854522
-1,91272486;0,00946075
-1,91016486;0,00946075
-1,90760486;0,01052892
-1,90504486;0,01052892
-1,90248486;0,01129180
-1,89992486;-0,03433329
-1,89736486;0,01129180
-1,89480486;0,01220739
-1,89224486;0,01220739
-1,88968486;0,01297033
-1,88712486;0,01297033
-1,88456486;0,01388597
-1,88200486;0,01388597
-1,87944486;0,01480138
-1,87688486;0,01480138
-1,87432486;-0,03006077
-1,87176486;-0,03006077
-1,86920486;-0,02929771
-1,86664486;-0,02929771
-1,86408486;0,01648009
-1,86152486;0,01739550
-1,85896486;-0,02746665
-1,85640486;-0,02746665
-1,85384486;0,01815856
-1,85128486;0,01815856
-1,84872486;0,01907408
-1,84616486;-0,02578807
-1,84360486;-0,02578807
-1,84104486;0,01983702
-1,83848486;0,02075255
-1,83592486;0,02075255
-1,83336486;-0,02410960
-1,83080486;0,02166820
-1,82824486;0,02166820
-1,82568486;0,02166820
-1,82312486;-0,02243102
-1,82056486;-0,02243102
-1,81800486;0,02334666
-1,81544486;-0,02151561
-1,81288486;0,02426219
-1,81032486;0,02426219
-1,80776486;-0,02059996
-1,80520486;0,02502525
-1,80264486;0,02502525
-1,80008486;0,02594066
-1,79752486;0,02594066
-1,79496486;0,02670372
-1,79240486;0,02670372
-1,78984486;-0,01815856
-1,78728486;0,02761924
-1,78472486;-0,01709032
-1,78216486;0,02868748
-1,77960486;-0,01617479
-1,77704486;-0,01617479
-1,77448486;-0,01541185
-1,77192486;-0,01541185
-1,76936486;-0,01449633
-1,76680486;-0,01449633
-1,76424486;-0,01358080
-1,76168486;-0,01358080
-1,75912486;0,03204441
-1,75656486;0,03204441
-1,75400486;-0,01281786
-1,75144486;-0,01190233
-1,74888486;-0,01190233
-1,74632486;-0,01113915
-1,74376486;-0,01113915
-1,74120486;0,03463864
-1,73864486;-0,01022363
-1,73608486;-0,01022363
-1,73352486;-0,00930810
-1,73096486;-0,00930810
-1,72840486;0,03631687
-1,72584486;-0,00854540
-1,72328486;-0,00854540
-1,72072486;-0,00762963
-1,71816486;0,03814816
-1,71560486;-0,00671411
-1,71304486;-0,00671411
-1,71048486;-0,00671411
-1,70792486;-0,00595117
-1,70536486;-0,00595117
-1,70280486;-0,00503540
-1,70024486;-0,00503540
-1,69768486;-0,00427246
-1,69512486;-0,00427246
-1,69256486;-0,00335693
-1,69000486;-0,00335693
-1,68744486;-0,00244165
-1,68488486;-0,00244165
-1,68232486;-0,04730368
-1,67976486;-0,04730368
-1,67720486;0,04409933
-1,67464486;-0,04654074
-1,67208486;-0,00076294
-1,66952486;0,00015259
-1,66696486;0,00015259
-1,66440486;-0,04470968
-1,66184486;-0,04470968
-1,65928486;0,00091553
-1,65672486;0,00198388
-1,65416486;0,00198388
-1,65160486;0,00274682
-1,64904486;0,00274682
-1,64648486;0,00366211
-1,64392486;0,00366211
-1,64136486;0,04943991
-1,63880486;0,00457764
-1,63624486;0,00457764
-1,63368486;0,00457764
-1,63112486;0,00534082
-1,62856486;0,00625634
-1,62600486;0,00625634
-1,62344486;0,05203414
-1,62088486;0,00717187
-1,61832486;-0,03769040
-1,61576486;0,00793481
-1,61320486;0,00793481
-1,61064486;-0,03692722
-1,60808486;0,00885034
-1,60552486;0,00885034
-1,60296487;0,00961328
-1,60040487;0,00961328
-1,59784487;0,01052880
-1,59528487;0,01052880
-1,59272487;0,01144433
-1,59016487;0,01144433
-1,58760487;-0,03341770
-1,58504487;0,01220751
-1,58248487;-0,03265476
-1,57992487;0,01312304
-1,57736487;-0,03173923
-1,57480487;0,01403856
-1,57224487;-0,03082371
-1,56968487;-0,03082371
-1,56712487;0,01480126
-1,56456487;0,01480126
-1,56200487;0,01571703
-1,55944487;-0,02914524
-1,55688487;0,01647997
-1,55432487;0,01647997
-1,55176487;0,01739550
-1,54920487;0,01739550
-1,54664487;-0,02746677
-1,54408487;0,01831102
-1,54152487;0,01831102
-1,53896487;0,01907420
-1,53640487;-0,02563548
-1,53384487;0,02014232
-1,53128487;-0,02471995
-1,52872487;0,02105761
-1,52616487;0,02105761
-1,52360487;-0,02380443
-1,52104487;0,02182078
-1,51848487;0,02182078
-1,51592487;0,02273631
-1,51336487;-0,02212596
-1,51080487;0,02349901
-1,50824487;-0,02136326
-1,50568487;0,02441454
-1,50312487;0,02441454
-1,50056487;0,02533007
-1,49800487;0,02533007
-1,49544487;-0,01953220
-1,49288487;-0,01953220
-1,49032487;-0,01876879
-1,48776487;0,02700901
-1,48520487;-0,01785326
-1,48264487;-0,01785326
-1,48008487;0,02792454
-1,47752487;-0,01693773
-1,47496487;-0,01693773
-1,47240487;-0,01617479
-1,46984487;-0,01617479
-1,46728487;-0,01525927
-1,46472487;0,03036594
-1,46216487;-0,01449633
-1,45960487;0,03128147
-1,45704487;0,03128147
-1,45448487;-0,01358080
-1,45192487;-0,01358080
-1,44936487;0,03219700
-1,44680487;-0,01266527
-1,44424487;0,03295994
-1,44168487;-0,01190186
-1,43912487;-0,01098633
-1,43656487;-0,01098633
-1,43400487;0,03479147
-1,43144487;-0,01007080
-1,42888487;-0,01007080
-1,42632487;-0,00930834
-1,42376487;-0,05417061
-1,42120487;-0,00839281
-1,41864487;0,03723240
-1,41608487;-0,00747728
-1,41352487;0,03830051
-1,41096487;0,03830051
-1,40840487;-0,00656176
-1,40584487;-0,00564623
-1,40328487;-0,00656176
-1,40072487;-0,00656176
-1,39816487;0,03830051
-1,39560487;-0,00747728
-1,39304487;0,03723240
-1,39048487;-0,00839281
-1,38792487;0,03646946
-1,38536487;0,03646946
-1,38280487;0,03555393
-1,38024487;-0,01007080
-1,37768487;-0,01007080
-1,37512487;0,03479147
-1,37256487;0,03479147
-1,37000487;0,03387594
-1,36744487;-0,01190186
-1,36488487;-0,05752707
-1,36232487;-0,01266527
-1,35976487;0,03219700
-1,35720487;-0,01358080
-1,35464487;0,03128147
-1,35208487;0,03128147
-1,34952487;0,03036594
-1,34696487;0,03036594
-1,34440487;-0,01525927
-1,34184487;0,02960300
-1,33928487;-0,01617479
-1,33672487;-0,06180000
-1,33416487;-0,01693773
-1,33160487;-0,01693773
-1,32904487;0,02792454
-1,32648487;-0,01785326
-1,32392487;0,02700901
-1,32136487;-0,01876879
-1,31880487;0,02609301
-1,31624487;-0,01953220
-1,31368487;0,02533007
-1,31112487;-0,02044773
-1,30856487;-0,02044773
-1,30600487;0,02441454
-1,30344487;0,02441454
-1,30088487;-0,02136326
-1,29832487;-0,02212596
-1,29576487;-0,02212596
-1,29320487;-0,02304149
-1,29064487;0,02182078
-1,28808487;0,02182078
-1,28552487;0,02105761
-1,28296487;0,02105761
-1,28040487;-0,02471995
-1,27784487;0,02014232
-1,27528487;0,02014232
-1,27272487;0,01907420
-1,27016487;-0,02655101
-1,26760487;0,01831102
-1,26504487;0,01831102
-1,26248487;0,01739550
-1,25992487;0,01739550
-1,25736487;0,01739550
-1,25480487;0,01647997
-1,25224487;0,01647997
-1,24968487;-0,02914524
-1,24712487;-0,03006077
-1,24456487;-0,03006077
-1,24200487;0,01480126
-1,23944487;-0,03082371
-1,23688487;0,01403856
-1,23432487;-0,03173923
-1,23176487;-0,03173923
-1,22920487;-0,03265476
-1,22664487;0,01220751
-1,22408487;-0,03341770
-1,22152487;-0,03341770
-1,21896487;-0,03433347
-1,21640487;0,01052880
-1,21384487;0,01052880
-1,21128487;-0,03524899
-1,20872487;0,00961328
-1,20616487;0,00961328
-1,20360487;0,00885034
-1,20104487;0,00885034
-1,19848487;0,00793481
-1,19592487;0,00793481
-1,19336487;0,00717187
-1,19080487;0,00717187
-1,18824487;0,00717187
-1,18568487;0,00625634
-1,18312487;0,00625634
-1,18056487;0,00534082
-1,17800487;0,00534082
-1,17544487;0,00457764
-1,17288487;0,00457764
-1,17032487;0,00366211
-1,16776487;0,00366211
-1,16520487;0,00366211
-1,16264487;0,04852438
-1,16008487;0,00274682
-1,15752487;0,00274682
-1,15496487;0,00198388
-1,15240487;0,04669333
-1,14984487;0,00091553
-1,14728487;0,00091553
-1,14472487;0,00015259
-1,14216487;0,00015259
-1,13960487;0,00015259
-1,13704487;-0,00076294
-1,13448487;-0,00076294
-1,13192487;-0,00167847
-1,12936487;-0,00167847
-1,12680487;-0,00244165
-1,12424487;-0,00244165
-1,12168487;-0,00335693
-1,11912487;-0,00335693
-1,11656487;-0,00335693
-1,11400487;-0,00427246
-1,11144487;-0,04989767
-1,10888487;-0,00503540
-1,10632487;-0,00503540
-1,10376487;0,03982663
-1,10120487;-0,00595117
-1,09864487;0,03891110
-1,09608487;-0,00671411
-1,09352487;-0,00671411
-1,09096487;-0,00762963
-1,08840487;-0,00762963
-1,08584487;-0,00854540
-1,08328487;-0,00854540
-1,08072487;-0,00930810
-1,07816487;-0,00930810
-1,07560487;-0,00930810
-1,07304487;-0,01022363
-1,07048487;-0,01022363
-1,06792487;-0,01022363
-1,06536487;-0,01113915
-1,06280487;-0,01113915
-1,06024487;-0,01190233
-1,05768487;0,03295994
-1,05512487;-0,01281786
-1,05256487;-0,01281786
-1,05000487;-0,01358080
-1,04744487;-0,01358080
-1,04488487;0,03128147
-1,04232487;-0,01449633
-1,03976487;-0,01541185
-1,03720487;-0,01541185
-1,03464487;-0,01541185
-1,03208487;-0,01617479
-1,02952487;-0,01617479
-1,02696487;-0,01709032
-1,02440487;-0,01709032
-1,02184487;0,02761924
-1,01928487;0,02761924
-1,01672487;0,02670372
-1,01416487;0,02670372
-1,01160487;-0,01892149
-1,00904487;-0,01983702
-1,00648487;-0,01983702
-1,00392487;0,02502525
-1,00136487;-0,02059996
-0,99880487;0,02426219
-0,99624487;0,02426219
-0,99368487;0,02334666
-0,99112487;0,02334666
-0,98856487;-0,02243102
-0,98600487;-0,02319407
-0,98344487;-0,02319407
-0,98088487;0,02166820
-0,97832487;0,02166820
-0,97576487;-0,02410960
-0,97320487;0,02075255
-0,97064487;0,02075255
-0,96808487;0,01983702
-0,96552487;-0,02578807
-0,96296487;-0,02578807
-0,96040487;0,01907408
-0,95784487;-0,02670372
-0,95528487;-0,02746665
-0,95272487;-0,02746665
-0,95016487;0,01739550
-0,94760487;0,01739550
-0,94504487;-0,02838218
-0,94248487;0,01648009
-0,93992487;0,01648009
-0,93736487;-0,03006077
-0,93480487;-0,03006077
-0,93224487;0,01480138
-0,92968487;-0,03097630
-0,92712487;0,01388597
-0,92456487;0,01388597
-0,92200487;0,01388597
-0,91944487;0,01297033
-0,91688487;0,01297033
-0,91432487;0,01220739
-0,91176487;-0,03357041
-0,90920487;0,01129180
-0,90664487;0,01129180
-0,90408487;-0,03433329
-0,90152487;0,01052892
-0,89896487;0,05523854
-0,89640487;0,00946075
-0,89384487;-0,03631699
-0,89128487;0,00854522
-0,88872487;0,00778222
-0,88616487;0,00778222
-0,88360487;0,00778222
-0,88104487;0,00778222
-0,87848487;-0,03707999
-0,87592487;0,00854522
-0,87336487;0,00946075
-0,87080487;0,00946075
-0,86824487;0,01052892
-0,86568487;0,01052892
-0,86312487;0,01052892
-0,86056487;0,01129180
-0,85800487;0,01129180
-0,85544487;0,01220739
-0,85288487;0,01220739
-0,85032487;0,01220739
-0,84776487;0,01297033
-0,84520487;0,01388597
-0,84264487;0,01388597
-0,84008487;-0,03097630
-0,83752487;0,01480138
-0,83496487;0,01480138
-0,83240487;-0,03006077
-0,82984487;-0,03006077
-0,82728487;0,01648009
-0,82472487;0,01648009
-0,82216487;-0,02838218
-0,81960487;0,01739550
-0,81704487;0,01739550
-0,81448487;-0,02746665
-0,81192487;0,01815856
-0,80936487;-0,02670372
-0,80680487;0,01907408
-0,80424487;0,01907408
-0,80168487;0,01983702
-0,79912487;0,02075255
-0,79656487;0,02075255
-0,79400487;0,02075255
-0,79144487;-0,02410960
-0,78888487;0,02166820
-0,78632487;0,02166820
-0,78376487;0,02243114
-0,78120487;-0,02243102
-0,77864487;0,02243114
-0,77608487;0,02334666
-0,77352487;0,02426219
-0,77096487;-0,02059996
-0,76840487;-0,02059996
-0,76584487;-0,02059996
-0,76328487;0,02502525
-0,76072487;0,02594066
-0,75816487;0,02594066
-0,75560487;-0,01892149
-0,75304487;0,02670372
-0,75048487;0,02761924
-0,74792487;0,02761924
-0,74536487;-0,01709032
-0,74280487;-0,01709032
-0,74024487;-0,01617479
-0,73768487;-0,01617479
-0,73512487;0,02945030
-0,73256487;-0,01541185
-0,73000487;-0,01541185
-0,72744487;-0,01449633
-0,72488487;0,03128147
-0,72232487;-0,01358080
-0,71976487;-0,01358080
-0,71720487;0,03204441
-0,71464487;-0,01281786
-0,71208487;0,03295994
-0,70952487;-0,01190233
-0,70696487;-0,01190233
-0,70440487;-0,01113915
-0,70184487;-0,01113915
-0,69928487;-0,01022363
-0,69672487;-0,01022363
-0,69416487;-0,01022363
-0,69160487;-0,00930810
-0,68904487;-0,00930810
-0,68648487;-0,00854540
-0,68392487;-0,00854540
-0,68136487;-0,00854540
-0,67880487;-0,00762963
-0,67624487;-0,00671411
-0,67368487;-0,00671411
-0,67112487;-0,00671411
-0,66856487;0,03891110
-0,66600487;-0,00595117
-0,66344487;-0,05081320
-0,66088487;0,04058981
-0,65832487;-0,00427246
-0,65576487;-0,00427246
-0,65320487;0,04150534
-0,65064487;-0,00335693
-0,64808487;-0,00335693
-0,64552487;-0,00244165
-0,64296487;-0,00244165
-0,64040487;-0,04730368
-0,63784487;-0,00167847
-0,63528487;-0,00076294
-0,63272487;-0,00076294
-0,63016487;0,00015259
-0,62760487;0,00015259
-0,62504487;0,00015259
-0,62248487;-0,04470968
-0,61992487;0,00091553
-0,61736487;0,00198388
-0,61480487;0,00198388
-0,61224487;0,00274682
-0,60968487;0,00274682
-0,60712487;0,04852438
-0,60456487;0,00366211
-0,60200487;0,00366211
-0,59944487;0,04943991
-0,59688487;0,00457764
-0,59432487;-0,04028440
-0,59176487;0,00534082
-0,58920487;0,00534082
-0,58664487;0,00625634
-0,58408487;0,05203414
-0,58152487;0,00717187
-0,57896487;0,00717187
-0,57640487;0,05279708
-0,57384487;0,00793481
-0,57128487;0,00793481
-0,56872487;0,00885034
-0,56616487;0,00885034
-0,56360487;0,00961328
-0,56104487;0,00961328
-0,55848487;0,01052880
-0,55592487;0,01052880
-0,55336487;-0,03433347
-0,55080487;0,01144433
-0,54824487;-0,03341770
-0,54568487;-0,03341770
-0,54312487;0,01220751
-0,54056487;0,01312304
-0,53800487;-0,03173923
-0,53544487;-0,03173923
-0,53288487;0,01403856
-0,53032487;0,01403856
-0,52776487;0,01480126
-0,52520487;-0,03006077
-0,52264487;0,01571703
-0,52008487;0,01571703
-0,51752487;-0,02914524
-0,51496487;0,01647997
-0,51240487;0,01739550
-0,50984487;0,01739550
-0,50728487;-0,02746677
-0,50472487;0,01831102
-0,50216487;-0,02655101
-0,49960487;0,01831102
-0,49704487;0,01907420
-0,49448487;-0,02563548
-0,49192487;0,02014232
-0,48936487;-0,02471995
-0,48680487;0,02105761
-0,48424487;-0,02380443
-0,48168487;0,02182078
-0,47912487;0,02182078
-0,47656487;-0,02304149
-0,47400487;0,02273631
-0,47144487;0,02349901
-0,46888487;0,02349901
-0,46632487;-0,02136326
-0,46376487;0,02441454
-0,46120487;-0,02044773
-0,45864487;0,02533007
-0,45608487;-0,01953220
-0,45352487;-0,01953220
-0,45096487;-0,01876879
-0,44840487;-0,01876879
-0,44584487;0,02700901
-0,44328487;-0,01785326
-0,44072487;0,02792454
-0,43816487;0,02792454
-0,43560487;-0,01693773
-0,43304487;-0,01617479
-0,43048487;-0,01617479
-0,42792487;0,02960300
-0,42536487;-0,01525927
-0,42280487;0,03036594
-0,42024487;-0,01449633
-0,41768487;0,03128147
-0,41512487;-0,01358080
-0,41256487;0,07705927
-0,41000487;0,03219700
-0,40744487;-0,01266527
-0,40488487;-0,01266527
-0,40232487;-0,01190186
-0,39976487;0,03387594
-0,39720487;-0,01098633
-0,39464487;0,03479147
-0,39208487;0,03479147
-0,38952487;-0,01007080
-0,38696487;-0,00930834
-0,38440487;-0,00930834
-0,38184487;0,03646946
-0,37928487;0,03723240
-0,37672487;0,03723240
-0,37416487;-0,00747728
-0,37160487;0,03830051
-0,36904487;-0,00656176
-0,36648487;-0,00656176
-0,36392487;-0,00656176
-0,36136487;-0,00656176
-0,35880487;-0,00656176
-0,35624487;-0,00747728
-0,35368487;-0,00747728
-0,35112487;-0,00839281
-0,34856487;-0,00839281
-0,34600487;0,03646946
-0,34344487;0,03555393
-0,34088487;-0,01007080
-0,33832487;-0,01007080
-0,33576487;0,03479147
-0,33320487;0,03479147
-0,33064487;0,03387594
-0,32808487;0,03387594
-0,32552487;0,03295994
-0,32296487;-0,01266527
-0,32040487;0,03219700
-0,31784487;0,03219700
-0,31528487;-0,01358080
-0,31272487;0,03128147
-0,31016487;-0,01449633
-0,30760487;-0,01449633
-0,30504487;0,03036594
-0,30248487;-0,01525927
-0,29992487;0,02960300
-0,29736487;0,02868748
-0,29480487;0,02868748
-0,29224487;-0,01693773
-0,28968487;0,02792454
-0,28712487;-0,01785326
-0,28456487;0,02700901
-0,28200487;0,02700901
-0,27944487;0,02609301
-0,27688487;-0,01953220
-0,27432487;0,02533007
-0,27176487;-0,02044773
-0,26920487;-0,02044773
-0,26664487;0,02441454
-0,26408487;0,02441454
-0,26152487;0,02349901
-0,25896487;-0,02212596
-0,25640487;-0,02212596
-0,25384487;-0,02304149
-0,25128487;-0,02304149
-0,24872487;0,02182078
-0,24616487;0,02105761
-0,24360487;0,02105761
-0,24104487;0,02105761
-0,23848487;0,02014232
-0,23592487;0,02014232
-0,23336487;0,01907420
-0,23080487;0,01907420
-0,22824487;0,01831102
-0,22568487;0,01831102
-0,22312487;-0,02746677
-0,22056487;0,01739550
-0,21800487;0,01739550
-0,21544487;0,01647997
-0,21288487;0,01647997
-0,21032487;-0,02914524
-0,20776487;0,01571703
-0,20520487;-0,03006077
-0,20264487;0,01480126
-0,20008487;0,05966353
-0,19752487;0,01403856
-0,19496487;0,01403856
-0,19240487;0,01312304
-0,18984487;0,01312304
-0,18728487;-0,03265476
-0,18472487;-0,03341770
-0,18216487;-0,03341770
-0,17960487;-0,03341770
-0,17704487;0,05630660
-0,17448487;0,01052880
-0,17192487;0,01052880
-0,16936487;0,00961328
-0,16680487;-0,03601193
-0,16424487;-0,03601193
-0,16168487;0,00885034
-0,15912487;0,00793481
-0,15656487;0,00793481
-0,15400487;-0,03769040
-0,15144487;0,00717187
-0,14888487;0,00717187
-0,14632487;0,00717187
-0,14376487;0,00625634
-0,14120487;0,00625634
-0,13864487;0,00534082
-0,13608487;-0,04028440
-0,13352487;0,00457764
-0,13096487;0,00457764
-0,12840487;0,00366211
-0,12584487;0,00366211
-0,12328487;0,00366211
-0,12072487;0,00274682
-0,11816487;0,00274682
-0,11560487;0,00198388
-0,11304487;0,00198388
-0,11048487;-0,04379392
-0,10792487;0,00091553
-0,10536487;0,00015259
-0,10280487;0,00015259
-0,10024487;0,04501486
-0,09768487;-0,00076294
-0,09512487;-0,00076294
-0,09256487;-0,04654074
-0,09000487;-0,00167847
-0,08744487;-0,00244165
-0,08488487;-0,00244165
-0,08232487;-0,04821920
-0,07976487;-0,00335693
-0,07720487;-0,00335693
-0,07464487;-0,00335693
-0,07208487;-0,00427246
-0,06952487;-0,00503540
-0,06696487;-0,00503540
-0,06440487;0,03982663
-0,06184487;-0,00595117
-0,05928487;-0,00595117
-0,05672487;-0,00671411
-0,05416487;-0,00671411
-0,05160487;0,03814816
-0,04904487;-0,00762963
-0,04648487;-0,00762963
-0,04392487;-0,00854540
-0,04136487;-0,00854540
-0,03880487;-0,00930810
-0,03624487;0,03555417
-0,03368487;0,03555417
-0,03112487;-0,01022363
-0,02856487;-0,01022363
-0,02600487;-0,01113915
-0,02344487;-0,05676436
-0,02088487;-0,05676436
-0,01832487;0,03295994
-0,01576487;-0,01281786
-0,01320487;-0,01281786
-0,01064487;0,03204441
-0,00808487;-0,01358080
-0,00552487;0,03128147
-0,00296487;-0,01449633
-0,00040487;-0,01449633
0,00215513;-0,01541185
0,00471513;-0,01541185
0,00727513;-0,06103694
0,00983513;-0,01617479
0,01239513;0,02868748
0,01495513;-0,01709032
0,01751513;-0,01709032
0,02007513;0,02761924
0,02263513;0,02670372
0,02519513;0,02670372
0,02775513;0,02594066
0,03031513;0,02594066
0,03287513;-0,01983702
0,03543513;0,02502525
0,03799513;-0,02059996
0,04055512;-0,02059996
0,04311512;0,02426219
0,04567512;-0,02151561
0,04823512;0,02334666
0,05079512;-0,02243102
0,05335512;0,02243114
0,05591512;-0,02319407
0,05847512;0,02166820
0,06103512;0,02166820
0,06359512;-0,02410960
0,06615512;0,02075255
0,06871512;0,02075255
0,07127512;0,06561482
0,07383512;0,01983702
0,07639512;-0,02578807
0,07895512;0,01907408
0,08151512;-0,02670372
0,08407512;0,01815856
0,08663512;0,01815856
0,08919512;0,01739550
0,09175512;-0,02746665
0,09431512;0,01648009
0,09687512;0,01648009
0,09943512;-0,02929771
0,10199512;-0,03006077
0,10455512;-0,03006077
0,10711512;0,01480138
0,10967512;-0,03097630
0,11223512;-0,03097630
0,11479512;0,01388597
0,11735512;0,01388597
0,11991512;0,01297033
0,12247512;0,01220739
0,12503512;0,01220739
0,12759512;0,01220739
0,13015512;0,01129180
0,13271512;0,01129180
0,13527512;-0,03433329
0,13783512;0,01052892
0,14039512;0,01052892
0,14295512;0,00946075
0,14551512;0,05432296
0,14807512;0,00854522
0,15063512;0,00854522
0,15319512;0,00778222
0,15575512;0,00778222
0,15831512;0,00778222
0,16087512;0,00778222
0,16343512;0,00854522
0,16599512;-0,03631699
0,16855512;0,00946075
0,17111512;-0,03524888
0,17367512;0,01052892
0,17623512;0,01052892
0,17879512;0,01129180
0,18135512;0,01129180
0,18391512;0,01129180
0,18647512;0,01220739
0,18903512;0,01220739
0,19159512;-0,03189182
0,19415512;0,01297033
0,19671512;0,01388597
0,19927512;0,01388597
0,20183512;-0,03097630
0,20439512;0,01480138
0,20695512;-0,03006077
0,20951512;-0,03006077
0,21207512;-0,02929771
0,21463512;0,01648009
0,21719512;0,01648009
0,21975512;-0,02838218
0,22231512;0,01739550
0,22487512;-0,02746665
0,22743512;0,01815856
0,22999512;0,01815856
0,23255512;0,06393635
0,23511512;0,01907408
0,23767512;0,01983702
0,24023512;0,01983702
0,24279512;-0,02502525
0,24535512;0,02075255
0,24791512;-0,02410960
0,25047512;-0,02410960
0,25303512;0,02166820
0,25559512;-0,02319407
0,25815512;0,02243114
0,26071512;-0,02243102
0,26327512;0,02334666
0,26583512;-0,02151561
0,26839512;0,02426219
0,27095512;-0,02059996
0,27351512;0,02502525
0,27607512;0,02502525
0,27863512;0,02502525
0,28119512;0,02594066
0,28375512;0,02594066
0,28631512;-0,01892149
0,28887512;0,02670372
0,29143512;0,02761924
0,29399512;0,02761924
0,29655512;-0,01709032
0,29911512;-0,01709032
0,30167512;-0,01617479
0,30423512;-0,01617479
0,30679512;0,02945030
0,30935512;0,03036582
0,31191512;-0,01449633
0,31447512;-0,01449633
0,31703512;-0,01358080
0,31959512;-0,01358080
0,32215512;-0,01358080
0,32471512;-0,01281786
0,32727512;-0,05768013
0,32983512;0,03295994
0,33239512;-0,01190233
0,33495512;-0,01113915
0,33751512;-0,01113915
0,34007512;-0,01022363
0,34263512;-0,01022363
0,34519512;-0,01022363
0,34775512;0,03555417
0,35031512;-0,00930810
0,35287512;0,03631687
0,35543512;-0,00854540
0,35799512;0,03723240
0,36055512;0,03723240
0,36311512;0,03814816
0,36567512;-0,00671411
0,36823512;-0,00671411
0,37079512;0,03891110
0,37335512;-0,00595117
0,37591512;-0,00595117
0,37847512;-0,00503540
0,38103512;-0,04989767
0,38359512;-0,00427246
0,38615512;-0,00427246
0,38871512;-0,00335693
0,39127512;-0,00335693
0,39383512;-0,00244165
0,39639512;-0,00244165
0,39895512;-0,00244165
0,40151512;-0,00167847
0,40407512;0,04409933
0,40663512;-0,00076294
0,40919512;-0,00076294
0,41175512;0,00015259
0,41431512;0,00015259
0,41687512;0,04577780
0,41943512;0,00091553
0,42199512;0,00091553
0,42455512;0,00198388
0,42711512;0,00274682
0,42967512;0,00274682
0,43223512;0,00274682
0,43479512;0,00366211
0,43735512;0,00366211
0,43991512;0,00366211
0,44247512;0,04943991
0,44503512;0,00457764
0,44759512;0,00457764
0,45015512;0,00534082
0,45271512;0,00625634
0,45527512;0,00625634
0,45783512;0,05203414
0,46039512;0,00717187
0,46295512;0,00717187
0,46551512;0,00793481
0,46807512;0,00793481
0,47063512;-0,03692722
0,47319512;0,00885034
0,47575512;-0,03601193
0,47831512;0,00961328
0,48087512;0,01052880
0,48343512;0,01052880
0,48599512;-0,03433347
0,48855512;0,01144433
0,49111512;0,01144433
0,49367512;-0,03341770
0,49623512;0,01220751
0,49879512;-0,03265476
0,50135512;0,01312304
0,50391512;-0,03173923
0,50647512;0,01403856
0,50903512;0,01403856
0,51159512;0,01480126
0,51415512;0,01480126
0,51671512;0,01571703
0,51927512;0,01571703
0,52183512;0,01571703
0,52439512;0,01647997
0,52695512;-0,02838230
0,52951512;0,01739550
0,53207512;0,01739550
0,53463512;0,01739550
0,53719512;0,01831102
0,53975512;0,01831102
0,54231512;0,01907420
0,54487512;-0,02563548
0,54743512;0,02014232
0,54999512;0,02014232
0,55255512;0,02105761
0,55511512;0,02105761
0,55767512;0,02105761
0,56023512;0,02182078
0,56279512;0,02182078
0,56535512;-0,02304149
0,56791512;-0,02212596
0,57047512;-0,02212596
0,57303512;-0,02136326
0,57559512;0,02441454
0,57815512;0,02441454
0,58071512;-0,02044773
0,58327512;0,02533007
0,58583512;-0,01953220
0,58839512;-0,06439400
0,59095512;-0,01876879
0,59351512;-0,01876879
0,59607512;-0,01785326
0,59863512;-0,01785326
0,60119512;0,02792454
0,60375512;-0,01693773
0,60631512;0,02868748
0,60887512;-0,01617479
0,61143512;0,02960300
0,61399512;0,02960300
0,61655512;-0,06012154
0,61911512;-0,01449633
0,62167512;-0,01449633
0,62423512;0,03128147
0,62679512;-0,01358080
0,62935512;0,03219700
0,63191512;-0,01266527
0,63447512;-0,01266527
0,63703512;-0,01190186
0,63959512;-0,01190186
0,64215512;-0,01098633
0,64471512;-0,01098633
0,64727512;0,03479147
0,64983512;-0,01007080
0,65239512;-0,01007080
0,65495512;-0,00930834
0,65751512;-0,00930834
0,66007512;-0,00839281
0,66263512;-0,00839281
0,66519512;-0,00747728
0,66775512;0,03830051
0,67031512;-0,00656176
0,67287512;-0,00656176
0,67543512;-0,00564623
0,67799512;0,03921604
0,68055512;-0,00656176
0,68311512;0,03830051
0,68567512;0,03830051
0,68823512;0,03723240
0,69079512;-0,00839281
0,69335512;0,03646946
0,69591512;-0,00930834
0,69847512;0,03555393
0,70103512;-0,01007080
0,70359512;0,03479147
0,70615512;-0,01098633
0,70871512;0,03387594
0,71127512;-0,01190186
0,71383512;-0,01190186
0,71639512;-0,01266527
0,71895512;-0,01266527
0,72151512;-0,01266527
0,72407512;0,03219700
0,72663512;0,03128147
0,72919512;0,03128147
0,73175512;0,03036594
0,73431512;0,03036594
0,73687512;-0,01525927
0,73943512;0,02960300
0,74199512;-0,01617479
0,74455512;0,02868748
0,74711512;-0,01693773
0,74967512;0,02792454
0,75223512;0,02792454
0,75479512;-0,01785326
0,75735512;-0,06363106
0,75991512;-0,01876879
0,76247512;-0,01953220
0,76503512;-0,01953220
0,76759512;0,02533007
0,77015512;-0,02044773
0,77271512;0,02441454
0,77527512;0,02441454
0,77783512;0,02349901
0,78039512;-0,02212596
0,78295512;-0,02212596
0,78551512;-0,02304149
0,78807512;0,02273631
0,79063512;0,02182078
0,79319512;-0,02380443
0,79575512;0,02105761
0,79831512;0,02105761
0,80087512;-0,02471995
0,80343512;0,02014232
0,80599512;-0,02563548
0,80855512;0,01907420
0,81111512;-0,02655101
0,81367512;0,01831102
0,81623512;0,01831102
0,81879512;0,01739550
0,82135512;0,01739550
0,82391512;0,01739550
0,82647512;-0,02838230
0,82903512;0,01647997
0,83159512;-0,02914524
0,83415512;0,01571703
0,83671512;-0,03006077
0,83927512;0,01480126
0,84183512;0,01480126
0,84439512;0,01403856
0,84695512;-0,03173923
0,84951512;0,01312304
0,85207512;-0,03265476
0,85463512;-0,03265476
0,85719512;0,01144433
0,85975512;0,01144433
0,86231512;0,01144433
0,86487512;-0,03433347
0,86743512;0,01052880
0,86999512;0,05539107
0,87255512;0,00961328
0,87511512;0,00961328
0,87767512;0,00885034
0,88023512;0,00885034
0,88279512;0,00793481
0,88535512;0,00793481
0,88791512;0,00717187
0,89047512;0,00717187
0,89303512;0,00717187
0,89559512;0,00625634
0,89815512;0,00625634
0,90071512;-0,03952146
0,90327512;0,00534082
0,90583512;0,00457764
0,90839512;0,00457764
0,91095512;0,04943991
0,91351512;0,00366211
0,91607512;0,00366211
0,91863512;-0,04211545
0,92119512;0,00274682
0,92375512;0,00274682
0,92631512;0,00198388
0,92887512;0,04669333
0,93143512;0,00091553
0,93399512;-0,04470968
0,93655512;0,00015259
0,93911512;0,00015259
0,94167512;0,00015259
0,94423512;-0,00076294
0,94679512;-0,00167847
0,94935512;-0,00167847
0,95191512;-0,00167847
0,95447512;-0,00244165
0,95703512;-0,00244165
0,95959512;-0,00335693
0,96215512;-0,00335693
0,96471512;-0,00335693
0,96727512;0,04150534
0,96983512;-0,00503540
0,97239512;-0,00503540
0,97495512;-0,05081320
0,97751512;-0,00595117
0,98007512;-0,00595117
0,98263512;-0,00671411
0,98519512;-0,00671411
0,98775512;-0,00671411
0,99031512;-0,00762963
0,99287512;-0,00762963
0,99543512;-0,00854540
0,99799512;0,03631687
1,00055512;-0,00930810
1,00311512;-0,00930810
1,00567512;0,03555417
1,00823512;-0,01022363
1,01079512;-0,01022363
1,01335512;0,03463864
1,01591512;-0,01113915
1,01847512;-0,01113915
1,02103512;-0,01190233
1,02359512;-0,01190233
1,02615512;-0,01281786
1,02871512;-0,01281786
1,03127512;-0,01358080
1,03383512;-0,01358080
1,03639512;0,03128147
1,03895512;-0,01449633
1,04151512;0,03036582
1,04407512;-0,01541185
1,04663512;0,02945030
1,04919512;-0,01617479
1,05175512;0,02868748
1,05431512;0,02868748
1,05687512;-0,01709032
1,05943512;0,02761924
1,06199512;-0,01815856
1,06455512;0,02670372
1,06711512;-0,01892149
1,06967512;0,02594066
1,07223512;0,02594066
1,07479512;0,02502525
1,07735512;0,02502525
1,07991512;-0,02059996
1,08247512;-0,02059996
1,08503512;0,02426219
1,08759512;-0,02151561
1,09015512;-0,02243102
1,09271512;-0,02243102
1,09527512;0,02243114
1,09783512;-0,02319407
1,10039512;0,02166820
1,10295512;0,02166820
1,10551512;-0,02410960
1,10807512;0,02075255
1,11063512;-0,02502525
1,11319512;0,01983702
1,11575512;0,01983702
1,11831512;0,01907408
1,12087512;0,01907408
1,12343512;0,01815856
1,12599512;-0,02746665
1,12855512;-0,02746665
1,13111512;-0,02746665
1,13367512;0,01739550
1,13623512;-0,02838218
1,13879512;-0,02929771
1,14135512;0,01556444
1,14391512;0,01556444
1,14647512;-0,03006077
1,14903512;-0,03097630
1,15159512;0,01480138
1,15415512;0,01388597
1,15671512;0,01388597
1,15927512;0,01297033
1,16183512;0,01297033
1,16439512;-0,03265488
1,16695512;0,01220739
1,16951512;0,01129180
1,17207512;0,01129180
1,17463512;-0,03433329
1,17719512;0,01052892
1,17975512;0,01052892
1,18231512;0,01052892
1,18487512;0,00946075
1,18743512;0,00946075
1,18999512;0,00854522
1,19255512;0,00778222
1,19511512;0,00778222
1,19767512;0,00778222
1,20023512;0,00778222
1,20279512;0,00778222
1,20535512;0,00854522
1,20791512;0,00854522
1,21047512;0,00946075
1,21303512;0,05523854
1,21559512;0,01052892
1,21815512;-0,03433329
1,22071512;-0,03433329
1,22327512;0,01129180
1,22583512;0,05706960
1,22839512;0,01220739
1,23095512;0,01297033
1,23351512;0,01297033
1,23607512;0,01388597
1,23863512;0,01388597
1,24119512;0,01388597
1,24375512;0,01480138
1,24631512;0,01480138
1,24887512;-0,03006077
1,25143512;-0,03006077
1,25399512;-0,02929771
1,25655512;0,01648009
1,25911512;0,06225777
1,26167512;0,01739550
1,26423512;-0,02746665
1,26679512;-0,02746665
1,26935512;0,01815856
1,27191512;-0,02670372
1,27447512;0,01907408
1,27703512;0,01907408
1,27959512;0,01983702
1,28215512;-0,02502525
1,28471512;0,02075255
1,28727512;0,02075255
1,28983512;-0,02410960
1,29239512;0,02166820
1,29495512;0,02166820
1,29751512;-0,02319407
1,30007512;-0,02243102
1,30263512;0,02334666
1,30519512;-0,02151561
1,30775512;0,02426219
1,31031512;-0,02059996
1,31287512;0,02426219
1,31543512;0,02502525
1,31799512;0,02502525
1,32055512;-0,01983702
1,32311512;0,02594066
1,32567512;0,02594066
1,32823512;0,02670372
1,33079512;-0,01815856
1,33335512;0,02761924
1,33591512;-0,01709032
1,33847512;-0,01709032
1,34103512;-0,01617479
1,34359512;-0,01617479
1,34615512;0,02945030
1,34871512;-0,01541185
1,35127512;-0,01541185
1,35383512;0,03036582
1,35639512;0,03128147
1,35895512;-0,01358080
1,36151512;0,03204441
1,36407512;-0,01358080
1,36663512;-0,01281786
1,36919512;0,03295994
1,37175512;-0,01190233
1,37431512;0,03372288
1,37687512;-0,01113915
1,37943512;-0,01113915
1,38199512;-0,01022363
1,38455512;-0,01022363
1,38711512;-0,01022363
1,38967512;0,03555417
1,39223512;-0,00930810
1,39479512;-0,00854540
1,39735512;-0,00854540
1,39991512;-0,00762963
1,40247512;0,03814816
1,40503512;0,03814816
1,40759512;-0,00671411
1,41015512;-0,00671411
1,41271512;0,03891110
1,41527512;-0,00595117
1,41783512;-0,00595117
1,42039512;-0,00503540
1,42295512;0,04058981
1,42551512;-0,00427246
1,42807512;0,04150534
1,43063512;-0,00335693
1,43319512;-0,00335693
1,43575512;-0,00244165
1,43831512;-0,00244165
1,44087512;-0,00244165
1,44343512;-0,00167847
1,44599512;-0,04654074
1,44855512;-0,00076294
1,45111512;0,04501486
1,45367512;0,00015259
1,45623512;0,00015259
1,45879512;0,04577780
1,46135512;0,00091553
1,46391512;0,04669333
1,46647512;0,00198388
1,46903512;0,04760909
1,47159512;0,00274682
1,47415512;0,04852438
1,47671512;0,00366211
1,47927512;0,00366211
1,48183512;0,04943991
1,48439512;0,00457764
1,48695512;0,00457764
1,48951512;0,00534082
1,49207512;0,00534082
1,49463512;0,00625634
1,49719512;0,05203414
1,49975512;0,00717187
1,50231512;0,00717187
1,50487512;0,00717187
1,50743512;0,00793481
1,50999512;0,05371237
1,51255512;0,00885034
1,51511512;0,00885034
1,51767512;0,00961328
1,52023512;0,00961328
1,52279512;0,01052880
1,52535512;0,01052880
1,52791512;-0,03433347
1,53047512;0,01144433
1,53303512;-0,03341770
1,53559512;0,01220751
1,53815512;-0,03265476
1,54071512;-0,03265476
1,54327512;0,01312304
1,54583512;-0,03173923
1,54839512;0,01403856
1,55095512;0,01403856
1,55351512;0,01480126
1,55607512;0,01480126
1,55863512;0,01571703
1,56119512;0,01571703
1,56375512;0,01647997
1,56631512;-0,02838230
1,56887512;0,01739550
1,57143512;0,01739550
1,57399512;0,01831102
1,57655512;-0,02746677
1,57911512;-0,02655101
1,58167512;0,01907420
1,58423512;0,01907420
1,58679512;-0,02563548
1,58935512;0,02014232
1,59191512;-0,02471995
1,59447512;0,02105761
1,59703512;0,02105761
1,59959512;0,02182078
1,60215512;-0,02304149
1,60471512;-0,02304149
1,60727512;-0,02212596
1,60983512;-0,02212596
1,61239512;0,02349901
1,61495512;0,02441454
1,61751512;0,02441454
1,62007512;0,02441454
1,62263512;-0,02044773
1,62519512;-0,01953220
1,62775512;-0,01953220
1,63031512;-0,01953220
1,63287512;-0,01876879
1,63543512;0,02700901
1,63799512;-0,01785326
1,64055512;0,02792454
1,64311512;-0,01693773
1,64567512;-0,01693773
1,64823512;-0,01617479
1,65079512;-0,01617479
1,65335512;0,02960300
1,65591512;-0,01525927
1,65847512;-0,06012154
1,66103512;-0,01449633
1,66359512;0,03128147
1,66615512;0,03128147
1,66871512;0,03219700
1,67127512;-0,01266527
1,67383512;-0,01266527
1,67639512;-0,01266527
1,67895512;-0,01190186
1,68151512;0,03387594
1,68407512;-0,01098633
1,68663511;0,03479147
1,68919511;-0,01007080
1,69175511;-0,01007080
1,69431511;0,03555393
1,69687511;-0,00930834
1,69943511;0,03646946
1,70199511;-0,00839281
1,70455511;0,03723240
1,70711511;-0,00747728
1,70967511;0,03830051
1,71223511;-0,00656176
1,71479511;0,03921604
1,71735511;-0,00564623
1,71991511;-0,00656176
1,72247511;0,03830051
1,72503511;0,03830051
1,72759511;-0,00747728
1,73015511;-0,00839281
1,73271511;-0,00839281
1,73527511;-0,00930834
1,73783511;-0,00930834
1,74039511;0,03555393
1,74295511;-0,01007080
1,74551511;-0,01007080
1,74807511;0,03479147
1,75063511;0,03387594
1,75319511;-0,01190186
1,75575511;0,03295994
1,75831511;-0,01266527
1,76087511;-0,01266527
1,76343511;0,03219700
1,76599511;-0,01358080
1,76855511;0,03128147
1,77111511;-0,01449633
1,77367511;0,03036594
1,77623511;-0,01525927
1,77879511;-0,01525927
1,78135511;0,02960300
1,78391511;0,02868748
1,78647511;-0,01693773
1,78903511;-0,01693773
1,79159511;0,02792454
1,79415511;0,02792454
1,79671511;-0,01785326
1,79927511;-0,01876879
1,80183511;-0,01876879
1,80439511;-0,01953220
1,80695511;0,02533007
1,80951511;0,02533007
1,81207511;0,02441454
1,81463511;0,02441454
1,81719511;0,02441454
1,81975511;-0,02136326
1,82231511;-0,02212596
1,82487511;-0,02212596
1,82743511;0,02273631
1,82999511;0,02182078
1,83255511;0,02182078
1,83511511;0,02105761
1,83767511;0,02105761
1,84023511;0,02105761
1,84279511;0,02014232
1,84535511;0,02014232
1,84791511;0,01907420
1,85047511;0,01907420
1,85303511;-0,02655101
1,85559511;0,01831102
1,85815511;-0,02746677
1,86071511;0,01739550
1,86327511;0,01739550
1,86583511;-0,02838230
1,86839511;0,01647997
1,87095511;0,01571703
1,87351511;0,01571703
1,87607511;0,01480126
1,87863511;0,01480126
1,88119511;0,01403856
1,88375511;0,01403856
1,88631511;0,01403856
1,88887511;0,05890083
1,89143511;0,01312304
1,89399511;-0,03265476
1,89655511;-0,03341770
1,89911511;-0,03341770
1,90167511;-0,03341770
1,90423511;-0,03433347
1,90679511;0,01052880
1,90935511;0,01052880
1,91191511;0,05539107
1,91447511;0,00961328
1,91703511;0,00961328
1,91959511;0,00885034
1,92215511;0,05371237
1,92471511;0,00793481
1,92727511;0,05279708
1,92983511;0,00717187
1,93239511;0,00717187
1,93495511;0,00717187
1,93751511;0,00625634
1,94007511;-0,03952146
1,94263511;0,00534082
1,94519511;-0,04028440
1,94775511;0,00457764
1,95031511;0,04943991
1,95287511;0,00366211
1,95543511;0,00366211
1,95799511;0,04852438
1,96055511;0,04852438
1,96311511;0,00274682
1,96567511;0,00198388
1,96823511;0,00198388
1,97079511;0,04669333
1,97335511;0,04577780
1,97591511;-0,04470968
1,97847511;0,00015259
1,98103511;0,00015259
1,98359511;-0,00076294
1,98615511;-0,00076294
1,98871511;-0,00167847
1,99127511;-0,00167847
1,99383511;-0,00244165
1,99639511;-0,00244165
1,99895511;-0,00335693
2,00151511;-0,00335693
2,00407511;-0,00335693
2,00663511;-0,00427246
2,00919511;-0,00427246
2,01175511;-0,04989767
2,01431511;-0,00503540
2,01687511;-0,00595117
2,01943511;-0,00595117
2,02199511;0,03891110
2,02455511;-0,00671411
2,02711511;-0,00671411
2,02967511;-0,00762963
2,03223511;-0,00762963
2,03479511;0,03723240
2,03735511;-0,00854540
2,03991511;-0,05417037
2,04247511;-0,00930810
2,04503511;0,03555417
2,04759511;-0,01022363
2,05015511;-0,01022363
2,05271511;-0,01022363
2,05527511;-0,01113915
2,05783511;-0,01113915
2,06039511;0,03372288
2,06295511;0,03295994
2,06551511;-0,01281786
2,06807511;-0,01281786
2,07063511;-0,01281786
2,07319511;-0,01358080
2,07575511;0,03128147
2,07831511;0,03128147
2,08087511;-0,01449633
2,08343511;-0,01541185
2,08599511;-0,06103694
2,08855511;-0,01617479
2,09111511;-0,01617479
2,09367511;0,02868748
2,09623511;-0,01709032
2,09879511;0,02761924
2,10135511;-0,01815856
2,10391511;0,02670372
2,10647511;-0,01892149
2,10903511;0,07156587
2,11159511;0,02594066
2,11415511;-0,01983702
2,11671511;0,02502525
2,11927511;0,02502525
2,12183511;-0,02059996
2,12439511;0,02426219
2,12695511;-0,02151561
2,12951511;0,02334666
2,13207511;-0,02243102
2,13463511;0,02243114
2,13719511;-0,02319407
2,13975511;-0,02319407
2,14231511;-0,02410960
2,14487511;0,02166820
2,14743511;0,02075255
2,14999511;0,02075255
2,15255511;-0,02502525
2,15511511;0,01983702
2,15767511;0,01907408
2,16023511;0,01907408
2,16279511;-0,02670372
2,16535511;-0,02670372
2,16791511;-0,02746665
2,17047511;-0,02746665
2,17303511;0,01739550
2,17559511;-0,02838218
2,17815511;0,01648009
2,18071511;0,01648009
2,18327511;0,01556444
2,18583511;-0,03006077
2,18839511;0,01480138
2,19095511;0,01480138
2,19351511;-0,03097630
2,19607511;0,01388597
2,19863511;0,01388597
2,20119511;0,01297033
2,20375511;0,01220739
2,20631511;0,01220739
2,20887511;-0,03357041
2,21143511;0,01129180
2,21399511;0,01129180
2,21655511;-0,03433329
2,21911511;0,01052892
2,22167511;0,05523854
2,22423511;0,00946075
2,22679511;-0,03631699
2,22935511;-0,03631699
2,23191511;0,00854522
2,23447511;0,00778222
2,23703511;0,00778222
2,23959511;0,00778222
2,24215511;-0,03707999
2,24471511;0,00854522
2,24727511;0,00946075
2,24983511;-0,03631699
2,25239511;0,05523854
2,25495511;0,01052892
2,25751511;-0,03433329
2,26007511;-0,03433329
2,26263511;0,01129180
2,26519511;0,01129180
2,26775511;0,01220739
2,27031511;0,01220739
2,27287511;-0,03265488
2,27543511;0,01297033
2,27799511;0,01388597
2,28055511;0,01388597
2,28311511;0,01388597
2,28567511;0,01480138
2,28823511;0,01480138
2,29079511;-0,03006077
2,29335511;-0,07492292
2,29591511;-0,02929771
2,29847511;0,01648009
2,30103511;0,01739550
2,30359511;0,01739550
2,30615511;-0,02746665
2,30871511;-0,02746665
2,31127511;0,01815856
2,31383511;0,01907408
2,31639511;0,01907408
2,31895511;-0,02578807
2,32151511;-0,02502525
2,32407511;-0,02502525
2,32663511;0,02075255
2,32919511;-0,02410960
2,33175511;-0,02410960
2,33431511;0,02166820
2,33687511;-0,02319407
2,33943511;0,02243114
2,34199511;-0,02243102
2,34455511;0,02334666
2,34711511;0,02334666
2,34967511;0,02426219
2,35223511;-0,02059996
2,35479511;-0,02059996
2,35735511;0,02502525
2,35991511;0,02594066
2,36247511;0,02594066
2,36503511;0,02670372
2,36759511;-0,01892149
2,37015511;-0,01815856
2,37271511;0,02761924
2,37527511;-0,01709032
2,37783511;-0,01709032
2,38039511;0,02868748
2,38295511;0,02868748
2,38551511;-0,01617479
2,38807511;0,02945030
2,39063511;-0,01541185
2,39319511;-0,01449633
2,39575511;-0,01449633
2,39831511;-0,01358080
2,40087511;-0,01358080
2,40343511;-0,01358080
2,40599511;-0,01281786
2,40855511;-0,01281786
2,41111511;0,03295994
2,41367511;-0,01190233
2,41623511;0,03372288
2,41879511;-0,01113915
2,42135511;0,03463864
2,42391511;-0,01022363
2,42647511;-0,01022363
2,42903511;-0,01022363
2,43159511;-0,00930810
2,43415511;0,03631687
2,43671511;-0,00854540
2,43927511;-0,05340743
2,44183511;-0,00762963
2,44439511;-0,00671411
2,44695511;-0,00671411
2,44951511;-0,00671411
2,45207511;-0,00595117
2,45463511;-0,00595117
2,45719511;-0,00595117
2,45975511;-0,00503540
2,46231511;-0,04989767
2,46487511;-0,00427246
2,46743511;-0,00427246
2,46999511;-0,00335693
2,47255511;-0,00335693
2,47511511;0,04242063
2,47767511;-0,00244165
2,48023511;-0,00244165
2,48279511;-0,04730368
2,48535511;-0,00167847
2,48791511;-0,00076294
2,49047511;-0,04562521
2,49303511;0,00015259
2,49559511;0,00015259
2,49815511;0,00015259
2,50071511;0,00091553
2,50327511;0,04669333
2,50583511;0,00198388
2,50839511;0,00198388
2,51095511;0,00274682
2,51351511;0,00274682
2,51607511;0,04852438
2,51863511;0,00366211
2,52119511;0,00366211
2,52375511;0,04943991
2,52631511;0,00457764
2,52887511;0,05020285
2,53143511;0,00534082
2,53399511;0,00625634
2,53655511;0,00625634
2,53911511;0,05203414
2,54167511;0,00717187
2,54423511;0,00717187
2,54679511;-0,03769040
2,54935511;0,00793481
2,55191511;0,00793481
2,55447511;0,00885034
2,55703511;-0,03601193
2,55959511;0,00961328
2,56215511;0,05539107
2,56471511;0,05539107
2,56727511;0,01052880
2,56983511;-0,03433347
2,57239511;-0,03341770
2,57495511;-0,03341770
2,57751511;0,01220751
2,58007511;-0,03265476
2,58263511;0,01312304
2,58519511;0,01312304
2,58775511;0,01403856
2,59031511;-0,03082371
2,59287511;0,05966353
2,59543511;-0,03006077
2,59799511;-0,03006077
2,60055511;0,01571703
2,60311511;-0,02914524
2,60567511;0,01647997
2,60823511;-0,02838230
2,61079511;0,01739550
2,61335511;0,01739550
2,61591511;0,01739550
2,61847511;0,01831102
2,62103511;-0,02655101
2,62359511;0,01907420
2,62615511;-0,02563548
2,62871511;-0,02563548
2,63127511;0,02014232
2,63383511;-0,02471995
2,63639511;0,02105761
2,63895511;0,02182078
2,64151511;0,02182078
2,64407511;-0,02304149
2,64663511;-0,02304149
2,64919511;-0,02212596
2,65175511;-0,02212596
2,65431511;-0,02136326
2,65687511;-0,02136326
2,65943511;0,02441454
2,66199511;-0,02044773
2,66455511;0,02533007
2,66711511;-0,01953220
2,66967511;-0,01953220
2,67223511;-0,01876879
2,67479511;-0,01876879
2,67735511;-0,01785326
2,67991511;-0,01785326
2,68247511;0,02792454
2,68503511;-0,01693773
2,68759511;0,02868748
2,69015511;-0,01617479
2,69271511;-0,01525927
2,69527511;-0,01525927
2,69783511;0,03036594
2,70039511;0,03036594
2,70295511;0,03128147
2,70551511;0,03128147
2,70807511;-0,01358080
2,71063511;0,03219700
2,71319511;-0,01266527
2,71575511;0,03295994
2,71831511;-0,01190186
2,72087511;-0,01190186
2,72343511;-0,01098633
2,72599511;0,03479147
2,72855511;0,03479147
2,73111511;-0,01007080
2,73367511;-0,00930834
2,73623511;-0,00930834
2,73879511;-0,00930834
2,74135511;-0,00839281
2,74391511;-0,00839281
2,74647511;0,03723240
2,74903511;0,03830051
2,75159511;-0,00656176
2,75415511;-0,00656176
2,75671511;-0,00564623
2,75927511;-0,00656176
2,76183511;-0,00656176
2,76439511;0,03830051
2,76695511;-0,00747728
2,76951511;0,03723240
2,77207511;-0,00839281
2,77463511;-0,00839281
2,77719511;-0,00930834
2,77975511;0,03555393
2,78231511;-0,01007080
2,78487511;0,03479147
2,78743511;0,03479147
2,78999511;0,03387594
2,79255511;-0,01190186
2,79511511;-0,01190186
2,79767511;0,03295994
2,80023511;-0,01266527
2,80279511;0,03219700
2,80535511;0,03219700
2,80791511;0,03128147
2,81047511;0,03128147
2,81303511;-0,01449633
2,81559511;0,03036594
2,81815511;-0,01525927
2,82071511;0,02960300
2,82327511;-0,01617479
2,82583511;0,02868748
2,82839511;-0,01693773
2,83095511;0,02792454
2,83351511;0,02792454
2,83607511;-0,01785326
2,83863511;-0,01876879
2,84119511;-0,01876879
2,84375511;0,02609301
2,84631511;-0,01953220
2,84887511;-0,01953220
2,85143511;-0,02044773
2,85399511;-0,02044773
2,85655511;0,02441454
2,85911511;-0,02136326
2,86167511;-0,06698823
2,86423511;-0,02212596
2,86679511;0,02273631
2,86935511;-0,02304149
2,87191511;0,02182078
2,87447511;0,06668282
2,87703511;0,02105761
2,87959511;0,02105761
2,88215511;0,06591988
2,88471511;0,02014232
2,88727511;-0,02563548
2,88983511;0,01907420
2,89239511;-0,02655101
2,89495511;0,01831102
2,89751511;0,01831102
2,90007511;0,01739550
2,90263511;0,01739550
2,90519511;0,01739550
2,90775511;0,01647997
2,91031511;0,01647997
2,91287511;-0,02914524
2,91543511;-0,03006077
2,91799511;0,01480126
2,92055511;0,01480126
2,92311511;-0,03082371
2,92567511;0,01403856
2,92823511;0,01403856
2,93079511;-0,03173923
2,93335511;-0,03265476
2,93591511;0,01220751
2,93847511;-0,03341770
2,94103511;0,01144433
2,94359511;0,01144433
2,94615511;-0,03433347
2,94871511;0,01052880
2,95127511;-0,03524899
2,95383511;0,00961328
2,95639511;0,00961328
2,95895511;0,05447555
2,96151511;0,00885034
2,96407511;0,00793481
2,96663511;0,00793481
2,96919511;0,00793481
2,97175511;0,00717187
2,97431511;0,00717187
2,97687511;0,00625634
2,97943511;0,00625634
2,98199511;0,00534082
2,98455511;0,00534082
2,98711511;-0,04028440
2,98967511;0,00457764
2,99223511;0,00366211
2,99479511;0,00366211
2,99735511;0,00366211
2,99991511;0,04852438
3,00247511;0,00274682
3,00503511;-0,04287839
3,00759511;0,00198388
3,01015511;-0,04379392
3,01271511;0,00091553
3,01527511;0,00091553
3,01783511;0,00015259
3,02039511;0,00015259
3,02295511;-0,04562521
3,02551511;-0,00076294
3,02807511;-0,04654074
3,03063511;-0,00167847
3,03319511;-0,04730368
3,03575511;-0,00244165
3,03831511;-0,00244165
3,04087511;-0,00335693
3,04343511;-0,00335693
3,04599511;-0,04913473
3,04855511;-0,00427246
3,05111511;-0,00427246
3,05367511;-0,00503540
3,05623511;-0,00503540
3,05879511;-0,00595117
3,06135511;-0,00595117
3,06391511;0,03891110
3,06647511;-0,00671411
3,06903511;-0,00671411
3,07159511;0,03814816
3,07415511;-0,00762963
3,07671511;-0,00854540
3,07927511;-0,00854540
3,08183511;-0,00930810
3,08439511;-0,00930810
3,08695511;0,03555417
3,08951511;-0,01022363
3,09207511;-0,01022363
3,09463511;-0,05600142
3,09719511;-0,01113915
3,09975511;-0,01113915
3,10231511;-0,01190233
3,10487511;-0,01190233
3,10743511;-0,01281786
3,10999511;-0,01281786
3,11255511;-0,01358080
3,11511511;-0,01358080
3,11767511;0,03128147
3,12023511;-0,01449633
3,12279511;-0,06027400
3,12535511;0,03036582
3,12791511;-0,01541185
3,13047511;-0,01617479
3,13303511;-0,01617479
3,13559511;-0,01709032
3,13815511;-0,01709032
3,14071511;0,02761924
3,14327511;0,02761924
3,14583511;0,02670372
3,14839511;-0,01892149
3,15095511;0,02594066
3,15351511;0,02594066
3,15607511;-0,01983702
3,15863511;0,02502525
3,16119511;0,02502525
3,16375511;-0,02059996
3,16631511;0,02426219
3,16887511;0,02334666
3,17143511;0,02334666
3,17399511;-0,02243102
3,17655511;0,02243114
3,17911511;-0,02319407
3,18167511;0,02166820
3,18423511;0,02166820
3,18679511;-0,02410960
3,18935511;0,02075255
3,19191511;-0,02502525
3,19447511;0,01983702
3,19703511;-0,02578807
3,19959511;0,01907408
3,20215511;0,01907408
3,20471511;0,01815856
3,20727511;0,01815856
3,20983511;-0,02746665
3,21239511;-0,02746665
3,21495511;0,01739550
3,21751511;0,01648009
3,22007511;0,01648009
3,22263511;-0,02929771
3,22519511;0,01556444
3,22775511;-0,03006077
3,23031511;0,01480138
3,23287511;0,01480138
3,23543511;0,01388597
3,23799511;0,01388597
3,24055511;0,01388597
3,24311511;0,01297033
3,24567511;0,01220739
3,24823511;0,01220739
3,25079511;0,01129180
3,25335511;0,01129180
3,25591511;0,01129180
3,25847511;0,01052892
3,26103511;0,01052892
3,26359511;0,00946075
3,26615511;0,00946075
3,26871511;-0,03631699
3,27127511;0,00854522
3,27383511;0,00778222
3,27639511;0,00778222
3,27895511;0,00778222
3,28151511;0,00778222
3,28407511;0,00854522
3,28663511;0,00854522
3,28919511;0,00946075
3,29175511;0,05523854
3,29431511;-0,03524888
3,29687511;0,01052892
3,29943511;0,01052892
3,30199511;0,01129180
3,30455511;0,01129180
3,30711511;0,01129180
3,30967511;0,01220739
3,31223511;-0,03265488
3,31479511;-0,03189182
3,31735511;0,01388597
3,31991511;0,01388597
3,32247511;-0,03097630
3,32503511;0,01480138
3,32759511;-0,03006077
3,33015511;-0,03006077
3,33271510;0,01556444
3,33527510;-0,02929771
3,33783510;0,01648009
3,34039510;-0,02838218
3,34295510;0,01739550
3,34551510;0,01739550
3,34807510;-0,02746665
3,35063510;0,01815856
3,35319510;-0,02670372
3,35575510;0,01907408
3,35831510;0,01907408
3,36087510;-0,02578807
3,36343510;-0,02502525
3,36599510;0,02075255
3,36855510;0,02075255
3,37111510;-0,02410960
3,37367510;0,02166820
3,37623510;-0,02319407
3,37879510;-0,02319407
3,38135510;-0,02243102
3,38391510;0,02334666
3,38647510;-0,02151561
3,38903510;0,02426219
3,39159510;0,02426219
3,39415510;-0,02059996
3,39671510;-0,02059996
3,39927510;-0,01983702
3,40183510;-0,01983702
3,40439510;0,02594066
3,40695510;0,02594066
3,40951510;0,02670372
3,41207510;-0,01815856
3,41463510;0,02761924
3,41719510;-0,01709032
3,41975510;0,02868748
3,42231510;0,02868748
3,42487510;0,02868748
3,42743510;-0,01617479
3,42999510;0,07522798
3,43255510;-0,01541185
3,43511510;-0,01449633
3,43767510;-0,01449633
3,44023510;-0,01358080
3,44279510;-0,01358080
3,44535510;0,03204441
3,44791510;0,03295994
3,45047510;-0,05768013
3,45303510;-0,01190233
3,45559510;0,03372288
3,45815510;-0,01113915
3,46071510;-0,01113915
3,46327510;-0,01022363
3,46583510;-0,01022363
3,46839510;0,03555417
3,47095510;-0,00930810
3,47351510;-0,00930810
3,47607510;-0,00854540
3,47863510;-0,00854540
3,48119510;0,03723240
3,48375510;0,03814816
3,48631510;-0,00671411
3,48887510;-0,00671411
3,49143510;-0,00671411
3,49399510;0,03891110
3,49655510;-0,05081320
3,49911510;-0,00503540
3,50167510;-0,00503540
3,50423510;-0,00427246
3,50679510;-0,00427246
3,50935510;-0,00335693
3,51191510;-0,00335693
3,51447510;-0,00335693
3,51703510;-0,04821920
3,51959510;-0,00244165
3,52215510;-0,04730368
3,52471510;-0,00167847
3,52727510;-0,00076294
3,52983510;-0,00076294
3,53239510;0,04501486
3,53495510;0,00015259
3,53751510;0,00015259
3,54007510;0,00091553
3,54263510;0,00091553
3,54519510;0,04669333
3,54775510;0,00198388
3,55031510;0,00198388
3,55287510;0,00274682
3,55543510;0,00366211
3,55799510;0,00366211
3,56055510;0,00366211
3,56311510;0,04943991
3,56567510;0,00457764
3,56823510;0,00457764
3,57079510;0,00534082
3,57335510;0,00534082
3,57591510;0,00625634
3,57847510;0,00625634
3,58103510;0,05203414
3,58359510;0,00717187
3,58615510;0,00717187
3,58871510;0,00793481
3,59127510;0,00793481
3,59383510;0,00885034
3,59639510;-0,03601193
3,59895510;0,00961328
3,60151510;0,00961328
3,60407510;0,01052880
3,60663510;-0,03433347
3,60919510;-0,03433347
3,61175510;0,01144433
3,61431510;-0,03341770
3,61687510;-0,03341770
3,61943510;-0,03265476
3,62199510;-0,03265476
3,62455510;-0,03173923
3,62711510;-0,03173923
3,62967510;0,01403856
3,63223510;-0,03082371
3,63479510;0,01480126
3,63735510;0,01480126
3,63991510;0,01571703
3,64247510;0,01571703
3,64503510;-0,02914524
3,64759510;0,01647997
3,65015510;0,01739550
3,65271510;0,01739550
3,65527510;0,01739550
3,65783510;0,01831102
3,66039510;0,01831102
3,66295510;-0,02655101
3,66551510;0,01907420
3,66807510;-0,02563548
3,67063510;0,02014232
3,67319510;0,02105761
3,67575510;0,02105761
3,67831510;0,02105761
3,68087510;-0,02380443
3,68343510;0,02182078
3,68599510;-0,02304149
3,68855510;-0,02212596
3,69111510;-0,02212596
3,69367510;-0,02136326
3,69623510;0,02441454
3,69879510;0,02441454
3,70135510;-0,02044773
3,70391510;0,02533007
3,70647510;-0,06531000
3,70903510;-0,06439400
3,71159510;0,02609301
3,71415510;-0,01876879
3,71671510;0,02700901
3,71927510;0,02792454
3,72183510;0,02792454
3,72439510;-0,01693773
3,72695510;-0,01693773
3,72951510;-0,01693773
3,73207510;-0,01617479
3,73463510;-0,01525927
3,73719510;-0,01525927
3,73975510;-0,01449633
3,74231510;-0,01449633
3,74487510;0,03128147
3,74743510;-0,01358080
3,74999510;-0,01358080
3,75255510;-0,01266527
3,75511510;-0,01266527
3,75767510;-0,01190186
3,76023510;-0,01190186
3,76279510;-0,01098633
3,76535510;0,03479147
3,76791510;0,03479147
3,77047510;-0,01007080
3,77303510;0,03555393
3,77559510;0,03555393
3,77815510;-0,00930834
3,78071510;-0,00839281
3,78327510;-0,00839281
3,78583510;0,03723240
3,78839510;0,03830051
3,79095510;0,03830051
3,79351510;-0,00656176
3,79607510;-0,00656176
3,79863510;-0,00656176
3,80119510;-0,00656176
3,80375510;0,03830051
3,80631510;0,03830051
3,80887510;-0,00747728
3,81143510;-0,00839281
3,81399510;-0,00839281
3,81655510;-0,00930834
3,81911510;-0,00930834
3,82167510;0,03555393
3,82423510;-0,01007080
3,82679510;0,03479147
3,82935510;0,03479147
3,83191510;0,03387594
3,83447510;-0,01190186
3,83703510;-0,05752707
3,83959510;-0,01266527
3,84215510;-0,01266527
3,84471510;-0,01358080
3,84727510;-0,01358080
3,84983510;0,03128147
3,85239510;0,03128147
3,85495510;0,03036594
3,85751510;-0,01525927
3,86007510;0,02960300
3,86263510;-0,01617479
3,86519510;0,02868748
3,86775510;0,02868748
3,87031510;-0,01693773
3,87287510;0,02792454
3,87543510;-0,01785326
3,87799510;-0,01876879
3,88055510;-0,01876879
3,88311510;-0,01876879
3,88567510;-0,01953220
3,88823510;-0,01953220
3,89079510;0,02533007
3,89335510;-0,02044773
3,89591510;0,02441454
3,89847510;-0,02136326
3,90103510;0,02349901
3,90359510;-0,02212596
3,90615510;-0,02212596
3,90871510;0,02273631
3,91127510;-0,02304149
3,91383510;0,02182078
3,91639510;0,02105761
3,91895510;0,02105761
3,92151510;0,02105761
3,92407510;0,02014232
3,92663510;0,02014232
3,92919510;0,01907420
3,93175510;0,01907420
3,93431510;-0,02655101
3,93687510;0,01831102
3,93943510;-0,02746677
3,94199510;0,01739550
3,94455510;0,01739550
3,94711510;0,01647997
3,94967510;0,01647997
3,95223510;-0,02914524
3,95479510;0,01571703
3,95735510;-0,03006077
3,95991510;0,01480126
3,96247510;0,01403856
3,96503510;-0,03082371
3,96759510;0,01403856
3,97015510;-0,03173923
3,97271510;0,01312304
3,97527510;-0,03265476
3,97783510;0,01220751
3,98039510;-0,03341770
3,98295510;-0,03341770
3,98551510;-0,03433347
3,98807510;0,01052880
3,99063510;0,01052880
3,99319510;0,00961328
3,99575510;0,00961328
3,99831510;0,00885034
4,00087510;0,00885034
4,00343510;0,00885034
4,00599510;0,00793481
4,00855510;0,00793481
4,01111510;0,00717187
4,01367510;0,00717187
4,01623510;0,05203414
4,01879510;0,00625634
4,02135510;0,00534082
4,02391510;0,00534082
4,02647510;0,00534082
4,02903510;0,00457764
4,03159510;0,00457764
4,03415510;0,00366211
4,03671510;0,00366211
4,03927510;0,00366211
4,04183510;0,00274682
4,04439510;0,00274682
4,04695510;0,00198388
4,04951510;0,00198388
4,05207510;0,00091553
4,05463510;0,00091553
4,05719510;0,00015259
4,05975510;0,00015259
4,06231510;0,00015259
4,06487510;-0,00076294
4,06743510;-0,00076294
4,06999510;-0,00167847
4,07255510;-0,00167847
4,07511510;-0,04730368
4,07767510;-0,00244165
4,08023510;0,04242063
4,08279510;-0,00335693
4,08535510;-0,00335693
4,08791510;-0,00427246
4,09047510;-0,00427246
4,09303510;-0,00503540
4,09559510;-0,00503540
4,09815510;0,03982663
4,10071510;-0,00595117
4,10327510;0,03891110
4,10583510;-0,00671411
4,10839510;-0,00671411
4,11095510;-0,00671411
4,11351510;-0,00762963
4,11607510;-0,00854540
4,11863510;-0,00854540
4,12119510;-0,05417037
4,12375510;-0,00930810
4,12631510;-0,00930810
4,12887510;-0,01022363
4,13143510;-0,01022363
4,13399510;0,03463864
4,13655510;-0,01113915
4,13911510;-0,01113915
4,14167510;-0,01190233
4,14423510;-0,01190233
4,14679510;-0,01281786
4,14935510;-0,01281786
4,15191510;-0,01281786
4,15447510;0,03204441
4,15703510;-0,01358080
4,15959510;-0,01449633
4,16215510;-0,01449633
4,16471510;-0,01541185
4,16727510;-0,01541185
4,16983510;-0,06103694
4,17239510;-0,01617479
4,17495510;0,02868748
4,17751510;-0,01709032
4,18007510;0,02761924
4,18263510;0,02761924
4,18519510;0,02761924
4,18775510;0,02670372
4,19031510;-0,01892149
4,19287510;0,02594066
4,19543510;-0,01983702
4,19799510;0,02502525
4,20055510;-0,02059996
4,20311510;-0,02059996
4,20567510;0,02426219
4,20823510;0,02426219
4,21079510;0,02334666
4,21335510;-0,02243102
4,21591510;0,02243114
4,21847510;-0,02319407
4,22103510;-0,02319407
4,22359510;0,02166820
4,22615510;-0,02410960
4,22871510;0,02075255
4,23127510;0,02075255
4,23383510;-0,02502525
4,23639510;0,01983702
4,23895510;-0,02578807
4,24151510;0,01907408
4,24407510;0,01907408
4,24663510;0,01815856
4,24919510;-0,02746665
4,25175510;-0,02746665
4,25431510;0,01739550
4,25687510;-0,02838218
4,25943510;0,01648009
4,26199510;-0,02929771
4,26455510;0,01556444
4,26711510;-0,03006077
4,26967510;0,01480138
4,27223510;-0,03097630
4,27479510;-0,03097630
4,27735510;0,01388597
4,27991510;-0,03189182
4,28247510;0,01388597
4,28503510;0,01220739
4,28759510;0,01220739
4,29015510;0,01220739
4,29271510;0,01129180
4,29527510;0,01129180
4,29783510;-0,03433329
4,30039510;0,01052892
4,30295510;0,00946075
4,30551510;0,00946075
4,30807510;0,00946075
4,31063510;0,00854522
4,31319510;-0,03707999
4,31575510;0,00778222
4,31831510;0,00778222
4,32087510;0,00778222
4,32343510;0,00778222
4,32599510;0,00854522
4,32855510;0,00854522
4,33111510;0,00946075
4,33367510;0,00946075
4,33623510;0,01052892
4,33879510;0,01052892
4,34135510;-0,03433329
4,34391510;0,01129180
4,34647510;0,01129180
4,34903510;0,01220739
4,35159510;0,01220739
4,35415510;0,01297033
4,35671510;0,01297033
4,35927510;0,01388597
4,36183510;0,01388597
4,36439510;-0,03097630
4,36695510;0,01480138
4,36951510;-0,03006077
4,37207510;0,01556444
4,37463510;0,01556444
4,37719510;0,01648009
4,37975510;-0,02838218
4,38231510;0,01739550
4,38487510;-0,02746665
4,38743510;-0,02746665
4,38999510;-0,02746665
4,39255510;0,01815856
4,39511510;0,01907408
4,39767510;-0,02578807
4,40023510;0,01983702
4,40279510;0,01983702
4,40535510;0,02075255
4,40791510;0,02075255
4,41047510;-0,02410960
4,41303510;0,02166820
4,41559510;0,02166820
4,41815510;0,02166820
4,42071510;0,02243114
4,42327510;0,02334666
4,42583510;-0,02243102
4,42839510;0,02426219
4,43095510;0,02426219
4,43351510;-0,02059996
4,43607510;-0,02059996
4,43863510;0,02502525
4,44119510;0,02594066
4,44375510;0,02594066
4,44631510;-0,01892149
4,44887510;0,02670372
4,45143510;-0,01815856
4,45399510;-0,01815856
4,45655510;-0,01709032
4,45911510;-0,01709032
4,46167510;0,02868748
4,46423510;0,02868748
4,46679510;-0,01617479
4,46935510;0,02945030
4,47191510;-0,01541185
4,47447510;0,03036582
4,47703510;-0,01449633
4,47959510;-0,01358080
4,48215510;-0,01358080
4,48471510;0,03204441
4,48727510;-0,01281786
4,48983510;0,03295994
4,49239510;-0,01190233
4,49495510;-0,01190233
4,49751510;-0,01113915
4,50007510;0,03463864
4,50263510;0,03463864
4,50519510;-0,01022363
4,50775510;0,03555417
4,51031510;-0,00930810
4,51287510;-0,00930810
4,51543510;0,03631687
4,51799510;-0,00854540
4,52055510;-0,00854540
4,52311510;-0,00762963
4,52567510;-0,00762963
4,52823510;-0,00671411
4,53079510;-0,00671411
4,53335510;-0,00595117
4,53591510;-0,00595117
4,53847510;-0,00595117
4,54103510;-0,00503540
4,54359510;-0,04989767
4,54615510;-0,00427246
4,54871510;-0,04913473
4,55127510;-0,00335693
4,55383510;-0,00335693
4,55639510;-0,00335693
4,55895510;-0,00244165
4,56151510;-0,04730368
4,56407510;-0,00167847
4,56663510;-0,04654074
4,56919510;-0,00076294
4,57175510;-0,00076294
4,57431510;0,04501486
4,57687510;0,00015259
4,57943510;-0,04470968
4,58199510;0,00091553
4,58455510;0,00198388
4,58711510;-0,04379392
4,58967510;0,00198388
4,59223510;0,00274682
4,59479510;0,00366211
4,59735510;0,00366211
4,59991510;0,00366211
4,60247510;0,00366211
4,60503510;-0,04120016
4,60759510;0,00457764
4,61015510;-0,04028440
4,61271510;0,00534082
4,61527510;-0,03952146
4,61783510;0,00625634
4,62039510;0,00625634
4,62295510;0,00717187
4,62551510;0,00717187
4,62807510;0,00717187
4,63063510;0,00793481
4,63319510;0,00885034
4,63575510;0,00885034
4,63831510;-0,03601193
4,64087510;0,00961328
4,64343510;0,05539107
4,64599510;0,01052880
4,64855510;0,01052880
4,65111510;-0,03433347
4,65367510;-0,03341770
4,65623510;-0,03341770
4,65879510;0,01220751
4,66135510;-0,03265476
4,66391510;0,01312304
4,66647510;-0,03173923
4,66903510;0,01403856
4,67159510;0,01403856
4,67415510;0,01480126
4,67671510;0,01480126
4,67927510;0,01571703
4,68183510;-0,02914524
4,68439510;-0,02914524
4,68695510;0,01647997
4,68951510;-0,02838230
4,69207510;0,01739550
4,69463510;0,01739550
4,69719510;0,01831102
4,69975510;-0,02655101
4,70231510;-0,02655101
4,70487510;-0,02655101
4,70743510;-0,02563548
4,70999510;0,02014232
4,71255510;-0,02471995
4,71511510;0,02105761
4,71767510;0,02105761
4,72023510;0,02182078
4,72279510;0,02182078
4,72535510;-0,02304149
4,72791510;0,02273631
4,73047510;-0,02212596
4,73303510;0,02349901
4,73559510;-0,02136326
4,73815510;-0,02136326
4,74071510;0,02441454
4,74327510;-0,02044773
4,74583510;0,02533007
4,74839510;-0,01953220
4,75095510;0,02609301
4,75351510;-0,01876879
4,75607510;-0,01876879
4,75863510;-0,01785326
4,76119510;0,02792454
4,76375510;0,02792454
4,76631510;0,02868748
4,76887510;0,02868748
4,77143510;-0,01617479
4,77399510;0,02960300
4,77655510;-0,01525927
4,77911510;-0,01525927
4,78167510;0,03036594
4,78423510;0,03128147
4,78679510;0,03128147
4,78935510;-0,01358080
4,79191510;0,03219700
4,79447510;-0,01266527
4,79703510;0,03295994
4,79959510;-0,01190186
4,80215510;0,03387594
4,80471510;0,03387594
4,80727510;0,03479147
4,80983510;0,03479147
4,81239510;0,03555393
4,81495510;0,03555393
4,81751510;0,03555393
4,82007510;-0,00839281
4,82263510;-0,00839281
4,82519510;-0,00839281
4,82775510;-0,00747728
4,83031510;-0,00747728
4,83287510;0,03830051
4,83543510;-0,00656176
4,83799510;-0,00564623
4,84055510;-0,05142403
4,84311510;-0,00656176
4,84567510;0,03830051
4,84823510;-0,00747728
4,85079510;0,03723240
4,85335510;-0,00839281
4,85591510;0,03646946
4,85847510;-0,00930834
4,86103510;-0,00930834
4,86359510;0,03555393
4,86615510;0,03479147
4,86871510;0,03479147
4,87127510;-0,01098633
4,87383510;0,03387594
4,87639510;-0,01190186
4,87895510;-0,01266527
4,88151510;-0,01266527
4,88407510;0,03219700
4,88663510;-0,01358080
4,88919510;-0,01358080
4,89175510;0,03128147
4,89431510;-0,01449633
4,89687510;0,03036594
4,89943510;0,03036594
4,90199510;-0,01525927
4,90455510;-0,01617479
4,90711510;-0,01693773
4,90967510;-0,01693773
4,91223510;0,02792454
4,91479510;0,02792454
4,91735510;-0,01785326
4,91991510;-0,01876879
4,92247510;-0,01876879
4,92503510;-0,01953220
4,92759510;-0,01953220
4,93015510;-0,01953220
4,93271510;-0,02044773
4,93527510;0,02441454
4,93783510;0,02441454
4,94039510;-0,02136326
4,94295510;0,02349901
4,94551510;-0,02212596
4,94807510;0,02273631
4,95063510;-0,02304149
4,95319510;0,02182078
4,95575510;-0,02380443
4,95831510;0,02105761
4,96087510;0,02105761
4,96343510;-0,02471995
4,96599510;0,02014232
4,96855510;-0,02563548
4,97111510;0,01907420
4,97367510;-0,02655101
4,97623510;-0,02655101
4,97879509;0,01831102
4,98135509;-0,02746677
4,98391509;0,01739550
4,98647509;0,01739550
4,98903509;0,01647997
4,99159509;0,01647997
4,99415509;0,01571703
4,99671509;-0,03006077
4,99927509;0,01480126
5,00183509;0,01480126
